component_name,enabler_name,pdf_title,pdf_url,pdf_filename
"Aufbau und Organisation des Ausbildungsbetriebes (§ 4 Abs. 7 Nr. 2)","01_Der Betrieb","01_Der Betrieb","https://ngpsgwwlnlliphfgtrya.supabase.co/storage/v1/object/public/content/enablers/Aufbau_und_Organisation_des_Ausbildungsbetriebes_par_4_Abs._7_Nr._2/01_Der_Betrieb/01_Der_Betrieb.pdf","01_Der Betrieb.pdf"
"Aufbau und Organisation des Ausbildungsbetriebes (§ 4 Abs. 7 Nr. 2)","02_Rechtsformen","02_Rechtsformen","https://ngpsgwwlnlliphfgtrya.supabase.co/storage/v1/object/public/content/enablers/Aufbau_und_Organisation_des_Ausbildungsbetriebes_par_4_Abs._7_Nr._2/02_Rechtsformen/02_Rechtsformen.pdf","02_Rechtsformen.pdf"
"Aufbau und Organisation des Ausbildungsbetriebes (§ 4 Abs. 7 Nr. 2)","03_Unternehmensstruktur und Organisationsform","03_Unternehmensstruktur und Organisationsform","https://ngpsgwwlnlliphfgtrya.supabase.co/storage/v1/object/public/content/enablers/Aufbau_und_Organisation_des_Ausbildungsbetriebes_par_4_Abs._7_Nr._2/03_Unternehmensstruktur_und_Organisationsform/03_Unternehmensstruktur_und_Organisationsform.pdf","03_Unternehmensstruktur und Organisationsform.pdf"
"Aufbau und Organisation des Ausbildungsbetriebes (§ 4 Abs. 7 Nr. 2)","04_Wirtschaftliche Verflechtungen","04_Wirtschaftliche Verflechtungen","https://ngpsgwwlnlliphfgtrya.supabase.co/storage/v1/object/public/content/enablers/Aufbau_und_Organisation_des_Ausbildungsbetriebes_par_4_Abs._7_Nr._2/04_Wirtschaftliche_Verflechtungen/04_Wirtschaftliche_Verflechtungen.pdf","04_Wirtschaftliche Verflechtungen.pdf"
"Aufbau und Organisation des Ausbildungsbetriebes (§ 4 Abs. 7 Nr. 2)","05_Ziele von Betrieben und Unternehmen","05_Ziele von Betrieben und Unternehmen","https://ngpsgwwlnlliphfgtrya.supabase.co/storage/v1/object/public/content/enablers/Aufbau_und_Organisation_des_Ausbildungsbetriebes_par_4_Abs._7_Nr._2/05_Ziele_von_Betrieben_und_Unternehmen/05_Ziele_von_Betrieben_und_Unternehmen.pdf","05_Ziele von Betrieben und Unternehmen.pdf"
"Aufbau und Organisation des Ausbildungsbetriebes (§ 4 Abs. 7 Nr. 2)","06_Betriebliche und gesamtwirtschaftliche Arbeitsteilung","06_Betriebliche und gesamtwirtschaftliche Arbeitsteilung","https://ngpsgwwlnlliphfgtrya.supabase.co/storage/v1/object/public/content/enablers/Aufbau_und_Organisation_des_Ausbildungsbetriebes_par_4_Abs._7_Nr._2/06_Betriebliche_und_gesamtwirtschaftliche_Arbeitsteilung/06_Betriebliche_und_gesamtwirtschaftliche_Arbeitsteilung.pdf","06_Betriebliche und gesamtwirtschaftliche Arbeitsteilung.pdf"
"Aufbau und Organisation des Ausbildungsbetriebes (§ 4 Abs. 7 Nr. 2)","07_Ziele und Aufgaben von Arbeitgeber und Arbeitnehmerverbänden","07_Ziele und Aufgaben von Arbeitgeber und Arbeitnehmerverbänden","https://ngpsgwwlnlliphfgtrya.supabase.co/storage/v1/object/public/content/enablers/Aufbau_und_Organisation_des_Ausbildungsbetriebes_par_4_Abs._7_Nr._2/07_Ziele_und_Aufgaben_von_Arbeitgeber_und_Arbeitnehmerverbaenden/07_Ziele_und_Aufgaben_von_Arbeitgeber_und_Arbeitnehmerverbaenden.pdf","07_Ziele und Aufgaben von Arbeitgeber und Arbeitnehmerverbänden.pdf"
"Aufbau und Organisation des Ausbildungsbetriebes (§ 4 Abs. 7 Nr. 2)","08_Ziele und Aufgaben von Behörden und Verwaltungen","08_Ziele und Aufgaben von Behörden und Verwaltungen","https://ngpsgwwlnlliphfgtrya.supabase.co/storage/v1/object/public/content/enablers/Aufbau_und_Organisation_des_Ausbildungsbetriebes_par_4_Abs._7_Nr._2/08_Ziele_und_Aufgaben_von_Behoerden_und_Verwaltungen/08_Ziele_und_Aufgaben_von_Behoerden_und_Verwaltungen.pdf","08_Ziele und Aufgaben von Behörden und Verwaltungen.pdf"
"Aufbau und Organisation des Ausbildungsbetriebes (§ 4 Abs. 7 Nr. 2)","09_Grundsatz der vertrauensvollen Zusammenarbeit zwischen Arbeitgeber und Arbeitnehmervertretern","09_Grundsatz der vertrauensvollen Zusammenarbeit zwischen Arbei","https://ngpsgwwlnlliphfgtrya.supabase.co/storage/v1/object/public/content/enablers/Aufbau_und_Organisation_des_Ausbildungsbetriebes_par_4_Abs._7_Nr._2/09_Grundsatz_der_vertrauensvollen_Zusammenarbeit_zwischen_Arbeitgeber_und_Arbeitnehmervertretern/09_Grundsatz_der_vertrauensvollen_Zusammenarbeit_zwischen_Arbei.pdf","09_Grundsatz der vertrauensvollen Zusammenarbeit zwischen Arbei.pdf"
"Berufsbildung, Arbeits- und Tarifrecht (§ 4 Abs. 7 Nr. 1)","01_Rechte und Pflichten des Auszubildenden und des Ausbildenden","FR-732_sortiert","https://ngpsgwwlnlliphfgtrya.supabase.co/storage/v1/object/public/content/enablers/Berufsbildung_Arbeits-_und_Tarifrecht_par_4_Abs._7_Nr._1/01_Rechte_und_Pflichten_des_Auszubildenden_und_des_Ausbildenden/FR-732_sortiert.pdf","FR-732_sortiert.pdf"
"Berufsbildung, Arbeits- und Tarifrecht (§ 4 Abs. 7 Nr. 1)","02_Vorteile der Ausbildung im dualen System der Berufsausbildung","02_Vorteile der Ausbildung im dualen System der Berufsausbildung","https://ngpsgwwlnlliphfgtrya.supabase.co/storage/v1/object/public/content/enablers/Berufsbildung_Arbeits-_und_Tarifrecht_par_4_Abs._7_Nr._1/02_Vorteile_der_Ausbildung_im_dualen_System_der_Berufsausbildung/02_Vorteile_der_Ausbildung_im_dualen_System_der_Berufsausbildung.pdf","02_Vorteile der Ausbildung im dualen System der Berufsausbildung.pdf"
"Berufsbildung, Arbeits- und Tarifrecht (§ 4 Abs. 7 Nr. 1)","03_Aufgaben von Ausbildungsbetrieb, Berufsschule und Kammern im Rahmen der Berufsausbildung","03_Aufgaben von Ausbildungsbetrieb, Berufsschule und Kammern im Rahmen der Ber","https://ngpsgwwlnlliphfgtrya.supabase.co/storage/v1/object/public/content/enablers/Berufsbildung_Arbeits-_und_Tarifrecht_par_4_Abs._7_Nr._1/03_Aufgaben_von_Ausbildungsbetrieb_Berufsschule_und_Kammern_im_Rahmen_der_Berufsausbildung/03_Aufgaben_von_Ausbildungsbetrieb_Berufsschule_und_Kammern_im_Rahmen_der_Ber.pdf","03_Aufgaben von Ausbildungsbetrieb, Berufsschule und Kammern im Rahmen der Ber.pdf"
"Berufsbildung, Arbeits- und Tarifrecht (§ 4 Abs. 7 Nr. 1)","04_Ausbildungsrahmenplan, sachliche und zeitliche Gliederung","04_Ausbildungsrahmenplan, sachliche und zeitliche Gliederung","https://ngpsgwwlnlliphfgtrya.supabase.co/storage/v1/object/public/content/enablers/Berufsbildung_Arbeits-_und_Tarifrecht_par_4_Abs._7_Nr._1/04_Ausbildungsrahmenplan_sachliche_und_zeitliche_Gliederung/04_Ausbildungsrahmenplan_sachliche_und_zeitliche_Gliederung.pdf","04_Ausbildungsrahmenplan, sachliche und zeitliche Gliederung.pdf"
"Berufsbildung, Arbeits- und Tarifrecht (§ 4 Abs. 7 Nr. 1)","05_Grundsätze des Individual - und Kollektivarbeitsrechtes","05_Grundsätze des Individual - und Kollektivarbeitsrechtes","https://ngpsgwwlnlliphfgtrya.supabase.co/storage/v1/object/public/content/enablers/Berufsbildung_Arbeits-_und_Tarifrecht_par_4_Abs._7_Nr._1/05_Grundsaetze_des_Individual_-_und_Kollektivarbeitsrechtes/05_Grundsaetze_des_Individual_-_und_Kollektivarbeitsrechtes.pdf","05_Grundsätze des Individual - und Kollektivarbeitsrechtes.pdf"
"Berufsbildung, Arbeits- und Tarifrecht (§ 4 Abs. 7 Nr. 1)","06_Arbeitgeberorganisationen","06_Arbeitgeberorganisationen","https://ngpsgwwlnlliphfgtrya.supabase.co/storage/v1/object/public/content/enablers/Berufsbildung_Arbeits-_und_Tarifrecht_par_4_Abs._7_Nr._1/06_Arbeitgeberorganisationen/06_Arbeitgeberorganisationen.pdf","06_Arbeitgeberorganisationen.pdf"
"Berufsbildung, Arbeits- und Tarifrecht (§ 4 Abs. 7 Nr. 1)","07_Arbeitnehmerorganisationen","07_Arbeitnehmerorganisationen","https://ngpsgwwlnlliphfgtrya.supabase.co/storage/v1/object/public/content/enablers/Berufsbildung_Arbeits-_und_Tarifrecht_par_4_Abs._7_Nr._1/07_Arbeitnehmerorganisationen/07_Arbeitnehmerorganisationen.pdf","07_Arbeitnehmerorganisationen.pdf"
"Berufsbildung, Arbeits- und Tarifrecht (§ 4 Abs. 7 Nr. 1)","08_Tarifrecht","08_Tarifrecht","https://ngpsgwwlnlliphfgtrya.supabase.co/storage/v1/object/public/content/enablers/Berufsbildung_Arbeits-_und_Tarifrecht_par_4_Abs._7_Nr._1/08_Tarifrecht/08_Tarifrecht.pdf","08_Tarifrecht.pdf"
"Berufsbildung, Arbeits- und Tarifrecht (§ 4 Abs. 7 Nr. 1)","09_Lohn- und Gehaltsformen","09_Lohn- und Gehaltsformen","https://ngpsgwwlnlliphfgtrya.supabase.co/storage/v1/object/public/content/enablers/Berufsbildung_Arbeits-_und_Tarifrecht_par_4_Abs._7_Nr._1/09_Lohn-_und_Gehaltsformen/09_Lohn-_und_Gehaltsformen.pdf","09_Lohn- und Gehaltsformen.pdf"
"Berufsbildung, Arbeits- und Tarifrecht (§ 4 Abs. 7 Nr. 1)","10_Lebensbegleitendes lernen","10_Lebensbegleitendes lernen","https://ngpsgwwlnlliphfgtrya.supabase.co/storage/v1/object/public/content/enablers/Berufsbildung_Arbeits-_und_Tarifrecht_par_4_Abs._7_Nr._1/10_Lebensbegleitendes_lernen/10_Lebensbegleitendes_lernen.pdf","10_Lebensbegleitendes lernen.pdf"
"Berufsbildung, Arbeits- und Tarifrecht (§ 4 Abs. 7 Nr. 1)","11_Lerntechniken","11_Lerntechniken","https://ngpsgwwlnlliphfgtrya.supabase.co/storage/v1/object/public/content/enablers/Berufsbildung_Arbeits-_und_Tarifrecht_par_4_Abs._7_Nr._1/11_Lerntechniken/11_Lerntechniken.pdf","11_Lerntechniken.pdf"
"Berufsbildung, Arbeits- und Tarifrecht (§ 4 Abs. 7 Nr. 1)","12_Arbeitstechniken","12_Arbeitstechniken","https://ngpsgwwlnlliphfgtrya.supabase.co/storage/v1/object/public/content/enablers/Berufsbildung_Arbeits-_und_Tarifrecht_par_4_Abs._7_Nr._1/12_Arbeitstechniken/12_Arbeitstechniken.pdf","12_Arbeitstechniken.pdf"
"Berufsbildung, Arbeits- und Tarifrecht (§ 4 Abs. 7 Nr. 1)","13_Berufliche Fortbildung und Umschulung","13_Berufliche Fortbildung und Umschulung","https://ngpsgwwlnlliphfgtrya.supabase.co/storage/v1/object/public/content/enablers/Berufsbildung_Arbeits-_und_Tarifrecht_par_4_Abs._7_Nr._1/13_Berufliche_Fortbildung_und_Umschulung/13_Berufliche_Fortbildung_und_Umschulung.pdf","13_Berufliche Fortbildung und Umschulung.pdf"
"Berufsbildung, Arbeits- und Tarifrecht (§ 4 Abs. 7 Nr. 1)","14_Lebensplanung","14_Lebensplanung","https://ngpsgwwlnlliphfgtrya.supabase.co/storage/v1/object/public/content/enablers/Berufsbildung_Arbeits-_und_Tarifrecht_par_4_Abs._7_Nr._1/14_Lebensplanung/14_Lebensplanung.pdf","14_Lebensplanung.pdf"
"Betreiben von IT-Systemen (Vertiefung) (§ 4 Abs. 2 Nr. 8  J2)","01_Schichtenmodelle, z. B. OSI, TCP_IP benennen und zuordnen können","01_Schichtenmodelle, z. B. OSI, TCP_IP benennen und zuordnen können","https://ngpsgwwlnlliphfgtrya.supabase.co/storage/v1/object/public/content/enablers/Betreiben_von_IT-Systemen_Vertiefung_par_4_Abs._2_Nr._8_J2/01_Schichtenmodelle_z._B._OSI_TCP_IP_benennen_und_zuordnen_koennen/01_Schichtenmodelle_z._B._OSI_TCP_IP_benennen_und_zuordnen_koennen.pdf","01_Schichtenmodelle, z. B. OSI, TCP_IP benennen und zuordnen können.pdf"
"Betreiben von IT-Systemen (Vertiefung) (§ 4 Abs. 2 Nr. 8  J2)","02_Netzwerkkomponenten vergleichen und beschreiben können","02_Netzwerkkomponenten vergleichen und beschreiben können","https://ngpsgwwlnlliphfgtrya.supabase.co/storage/v1/object/public/content/enablers/Betreiben_von_IT-Systemen_Vertiefung_par_4_Abs._2_Nr._8_J2/02_Netzwerkkomponenten_vergleichen_und_beschreiben_koennen/02_Netzwerkkomponenten_vergleichen_und_beschreiben_koennen.pdf","02_Netzwerkkomponenten vergleichen und beschreiben können.pdf"
"Betreiben von IT-Systemen (Vertiefung) (§ 4 Abs. 2 Nr. 8  J2)","03_Netzwerkkonzepte (-topologien, -infrastrukturen) benennen und charakterisieren","03_Netzwerkkonzepte (-topologien, -infrastrukturen) benennen und charakterisieren","https://ngpsgwwlnlliphfgtrya.supabase.co/storage/v1/object/public/content/enablers/Betreiben_von_IT-Systemen_Vertiefung_par_4_Abs._2_Nr._8_J2/03_Netzwerkkonzepte_-topologien_-infrastrukturen_benennen_und_charakterisieren/03_Netzwerkkonzepte_-topologien_-infrastrukturen_benennen_und_charakterisieren.pdf","03_Netzwerkkonzepte (-topologien, -infrastrukturen) benennen und charakterisieren.pdf"
"Betreiben von IT-Systemen (Vertiefung) (§ 4 Abs. 2 Nr. 8  J2)","04_Situationsgerechte Auswahl einer passenden Programmiersprache begriinden konnen","04_Situationsgerechte Auswahl einer passenden Programmiersprache begriinden konnen","https://ngpsgwwlnlliphfgtrya.supabase.co/storage/v1/object/public/content/enablers/Betreiben_von_IT-Systemen_Vertiefung_par_4_Abs._2_Nr._8_J2/04_Situationsgerechte_Auswahl_einer_passenden_Programmiersprache_begriinden_konnen/04_Situationsgerechte_Auswahl_einer_passenden_Programmiersprache_begriinden_konnen.pdf","04_Situationsgerechte Auswahl einer passenden Programmiersprache begriinden konnen.pdf"
"Betreiben von IT-Systemen (Vertiefung) (§ 4 Abs. 2 Nr. 8  J2)","05_Übertragungsprotokolle und ihre Eigenschaften erlautern und zielgerichtet einsetzen konnen  z. B","05_Übertragungsprotokolle und ihre Eigenschaften erlautern und zielgerichtet einsetze","https://ngpsgwwlnlliphfgtrya.supabase.co/storage/v1/object/public/content/enablers/Betreiben_von_IT-Systemen_Vertiefung_par_4_Abs._2_Nr._8_J2/05_uebertragungsprotokolle_und_ihre_Eigenschaften_erlautern_und_zielgerichtet_einsetzen_konnen_z._B/05_uebertragungsprotokolle_und_ihre_Eigenschaften_erlautern_und_zielgerichtet_einsetze.pdf","05_Übertragungsprotokolle und ihre Eigenschaften erlautern und zielgerichtet einsetze.pdf"
"Betreiben von IT-Systemen (Vertiefung) (§ 4 Abs. 2 Nr. 8  J2)","06_Standortübergreifende und -unabhängige Kommunikation situationsgerecht","06_Standortübergreifende und -unabhängige Kommunikation situationsgerecht","https://ngpsgwwlnlliphfgtrya.supabase.co/storage/v1/object/public/content/enablers/Betreiben_von_IT-Systemen_Vertiefung_par_4_Abs._2_Nr._8_J2/06_Standortuebergreifende_und_-unabhaengige_Kommunikation_situationsgerecht/06_Standortuebergreifende_und_-unabhaengige_Kommunikation_situationsgerecht.pdf","06_Standortübergreifende und -unabhängige Kommunikation situationsgerecht.pdf"
"Betreiben von IT-Systemen (Vertiefung) (§ 4 Abs. 2 Nr. 8  J2)","07_Netzwerkrelevante Dienste beschreiben können","07_Netzwerkrelevante Dienste beschreiben können","https://ngpsgwwlnlliphfgtrya.supabase.co/storage/v1/object/public/content/enablers/Betreiben_von_IT-Systemen_Vertiefung_par_4_Abs._2_Nr._8_J2/07_Netzwerkrelevante_Dienste_beschreiben_koennen/07_Netzwerkrelevante_Dienste_beschreiben_koennen.pdf","07_Netzwerkrelevante Dienste beschreiben können.pdf"
"Betreiben von IT-Systemen (Vertiefung) (§ 4 Abs. 2 Nr. 8  J2)","08_Anforderungen an Verfügbarkeit von Anwen- dungsdiensten beurteilen können","08_Anforderungen an Verfügbarkeit von Anwen- dungsdiensten beurteilen können","https://ngpsgwwlnlliphfgtrya.supabase.co/storage/v1/object/public/content/enablers/Betreiben_von_IT-Systemen_Vertiefung_par_4_Abs._2_Nr._8_J2/08_Anforderungen_an_Verfuegbarkeit_von_Anwen-_dungsdiensten_beurteilen_koennen/08_Anforderungen_an_Verfuegbarkeit_von_Anwen-_dungsdiensten_beurteilen_koennen.pdf","08_Anforderungen an Verfügbarkeit von Anwen- dungsdiensten beurteilen können.pdf"
"Betreiben von IT-Systemen (Vertiefung) (§ 4 Abs. 2 Nr. 8  J2)","09_Risiken identifizieren, MaBnahmen planen und Ausfallwahrscheinlichkeiten berücksichtigen","09_Risiken identifizieren, MaBnahmen planen und Ausfallwahrscheinlichkeiten berücksichtigen","https://ngpsgwwlnlliphfgtrya.supabase.co/storage/v1/object/public/content/enablers/Betreiben_von_IT-Systemen_Vertiefung_par_4_Abs._2_Nr._8_J2/09_Risiken_identifizieren_MaBnahmen_planen_und_Ausfallwahrscheinlichkeiten_beruecksichtigen/09_Risiken_identifizieren_MaBnahmen_planen_und_Ausfallwahrscheinlichkeiten_beruecksichtigen.pdf","09_Risiken identifizieren, MaBnahmen planen und Ausfallwahrscheinlichkeiten berücksichtigen.pdf"
"Betreiben von IT-Systemen (Vertiefung) (§ 4 Abs. 2 Nr. 8  J2)","10_Maßnahmen zur Sicherstellung des Betriebes beurteilen können","10_Maßnahmen zur Sicherstellung des Betriebes beurteilen können","https://ngpsgwwlnlliphfgtrya.supabase.co/storage/v1/object/public/content/enablers/Betreiben_von_IT-Systemen_Vertiefung_par_4_Abs._2_Nr._8_J2/10_Massnahmen_zur_Sicherstellung_des_Betriebes_beurteilen_koennen/10_Massnahmen_zur_Sicherstellung_des_Betriebes_beurteilen_koennen.pdf","10_Maßnahmen zur Sicherstellung des Betriebes beurteilen können.pdf"
"Betreiben von IT-Systemen (Vertiefung) (§ 4 Abs. 2 Nr. 8  J2)","11_Monitoringsysteme anwenden und Ergebnisse interpretieren können","11_Monitoringsysteme anwenden und Ergebnisse interpretieren können","https://ngpsgwwlnlliphfgtrya.supabase.co/storage/v1/object/public/content/enablers/Betreiben_von_IT-Systemen_Vertiefung_par_4_Abs._2_Nr._8_J2/11_Monitoringsysteme_anwenden_und_Ergebnisse_interpretieren_koennen/11_Monitoringsysteme_anwenden_und_Ergebnisse_interpretieren_koennen.pdf","11_Monitoringsysteme anwenden und Ergebnisse interpretieren können.pdf"
"Betreiben von IT-Systemen (Vertiefung) (§ 4 Abs. 2 Nr. 8  J2)","12_Monitoringergebnisse analysieren und korrektive Maßnahmen bestimmen können","12_Monitoringergebnisse analysieren und korrektive Maßnahmen bestimmen können","https://ngpsgwwlnlliphfgtrya.supabase.co/storage/v1/object/public/content/enablers/Betreiben_von_IT-Systemen_Vertiefung_par_4_Abs._2_Nr._8_J2/12_Monitoringergebnisse_analysieren_und_korrektive_Massnahmen_bestimmen_koennen/12_Monitoringergebnisse_analysieren_und_korrektive_Massnahmen_bestimmen_koennen.pdf","12_Monitoringergebnisse analysieren und korrektive Maßnahmen bestimmen können.pdf"
"Betreiben von IT-Systemen (Vertiefung) (§ 4 Abs. 2 Nr. 8  J2)","13_Berufliche Fortbildung und Umschulung","13_Berufliche Fortbildung und Umschulung","https://ngpsgwwlnlliphfgtrya.supabase.co/storage/v1/object/public/content/enablers/Betreiben_von_IT-Systemen_Vertiefung_par_4_Abs._2_Nr._8_J2/13_Berufliche_Fortbildung_und_Umschulung/13_Berufliche_Fortbildung_und_Umschulung.pdf","13_Berufliche Fortbildung und Umschulung.pdf"
"Betreiben von IT-Systemen (§4 Abs. 2 Nr.8)","01_Schichtenmodelle, z. B. OSI, TCP_IP benennen und zuordnen können","01_Schichtenmodelle, z. B. OSI, TCP_IP benennen und zuordnen können","https://ngpsgwwlnlliphfgtrya.supabase.co/storage/v1/object/public/content/enablers/Betreiben_von_IT-Systemen_par4_Abs._2_Nr.8/01_Schichtenmodelle_z._B._OSI_TCP_IP_benennen_und_zuordnen_koennen/01_Schichtenmodelle_z._B._OSI_TCP_IP_benennen_und_zuordnen_koennen.pdf","01_Schichtenmodelle, z. B. OSI, TCP_IP benennen und zuordnen können.pdf"
"Betreiben von IT-Systemen (§4 Abs. 2 Nr.8)","02_Netzwerkkomponenten vergleichen und beschreiben können","02_Netzwerkkomponenten vergleichen und beschreiben können","https://ngpsgwwlnlliphfgtrya.supabase.co/storage/v1/object/public/content/enablers/Betreiben_von_IT-Systemen_par4_Abs._2_Nr.8/02_Netzwerkkomponenten_vergleichen_und_beschreiben_koennen/02_Netzwerkkomponenten_vergleichen_und_beschreiben_koennen.pdf","02_Netzwerkkomponenten vergleichen und beschreiben können.pdf"
"Betreiben von IT-Systemen (§4 Abs. 2 Nr.8)","03_Netzwerkkonzepte (-topologien, -infrastrukturen) benennen und charakterisieren","03_Netzwerkkonzepte (-topologien, -infrastrukturen) benennen und charakterisieren","https://ngpsgwwlnlliphfgtrya.supabase.co/storage/v1/object/public/content/enablers/Betreiben_von_IT-Systemen_par4_Abs._2_Nr.8/03_Netzwerkkonzepte_-topologien_-infrastrukturen_benennen_und_charakterisieren/03_Netzwerkkonzepte_-topologien_-infrastrukturen_benennen_und_charakterisieren.pdf","03_Netzwerkkonzepte (-topologien, -infrastrukturen) benennen und charakterisieren.pdf"
"Betreiben von IT-Systemen (§4 Abs. 2 Nr.8)","04_Situationsgerechte Auswahl einer passenden Programmiersprache begriinden konnen","04_Situationsgerechte Auswahl einer passenden Programmiersprache begriinden konnen","https://ngpsgwwlnlliphfgtrya.supabase.co/storage/v1/object/public/content/enablers/Betreiben_von_IT-Systemen_par4_Abs._2_Nr.8/04_Situationsgerechte_Auswahl_einer_passenden_Programmiersprache_begriinden_konnen/04_Situationsgerechte_Auswahl_einer_passenden_Programmiersprache_begriinden_konnen.pdf","04_Situationsgerechte Auswahl einer passenden Programmiersprache begriinden konnen.pdf"
"Betreiben von IT-Systemen (§4 Abs. 2 Nr.8)","05_Übertragungsprotokolle und ihre Eigenschaften erlautern und zielgerichtet einsetzen konnen  z. B","05_Übertragungsprotokolle und ihre Eigenschaften erlautern und zielgerichtet einsetze","https://ngpsgwwlnlliphfgtrya.supabase.co/storage/v1/object/public/content/enablers/Betreiben_von_IT-Systemen_par4_Abs._2_Nr.8/05_uebertragungsprotokolle_und_ihre_Eigenschaften_erlautern_und_zielgerichtet_einsetzen_konnen_z._B/05_uebertragungsprotokolle_und_ihre_Eigenschaften_erlautern_und_zielgerichtet_einsetze.pdf","05_Übertragungsprotokolle und ihre Eigenschaften erlautern und zielgerichtet einsetze.pdf"
"Betreiben von IT-Systemen (§4 Abs. 2 Nr.8)","06_Standortübergreifende und -unabhängige Kommunikation situationsgerecht","06_Standortübergreifende und -unabhängige Kommunikation situationsgerecht","https://ngpsgwwlnlliphfgtrya.supabase.co/storage/v1/object/public/content/enablers/Betreiben_von_IT-Systemen_par4_Abs._2_Nr.8/06_Standortuebergreifende_und_-unabhaengige_Kommunikation_situationsgerecht/06_Standortuebergreifende_und_-unabhaengige_Kommunikation_situationsgerecht.pdf","06_Standortübergreifende und -unabhängige Kommunikation situationsgerecht.pdf"
"Betreiben von IT-Systemen (§4 Abs. 2 Nr.8)","07_Netzwerkrelevante Dienste beschreiben können","07_Netzwerkrelevante Dienste beschreiben können","https://ngpsgwwlnlliphfgtrya.supabase.co/storage/v1/object/public/content/enablers/Betreiben_von_IT-Systemen_par4_Abs._2_Nr.8/07_Netzwerkrelevante_Dienste_beschreiben_koennen/07_Netzwerkrelevante_Dienste_beschreiben_koennen.pdf","07_Netzwerkrelevante Dienste beschreiben können.pdf"
"Betreiben von IT-Systemen (§4 Abs. 2 Nr.8)","08_Anforderungen an Verfügbarkeit von Anwen- dungsdiensten beurteilen können","08_Anforderungen an Verfügbarkeit von Anwen- dungsdiensten beurteilen können","https://ngpsgwwlnlliphfgtrya.supabase.co/storage/v1/object/public/content/enablers/Betreiben_von_IT-Systemen_par4_Abs._2_Nr.8/08_Anforderungen_an_Verfuegbarkeit_von_Anwen-_dungsdiensten_beurteilen_koennen/08_Anforderungen_an_Verfuegbarkeit_von_Anwen-_dungsdiensten_beurteilen_koennen.pdf","08_Anforderungen an Verfügbarkeit von Anwen- dungsdiensten beurteilen können.pdf"
"Betreiben von IT-Systemen (§4 Abs. 2 Nr.8)","09_Risiken identifizieren, MaBnahmen planen und Ausfallwahrscheinlichkeiten berücksichtigen","09_Risiken identifizieren, MaBnahmen planen und Ausfallwahrscheinlichkeiten berücksichtigen","https://ngpsgwwlnlliphfgtrya.supabase.co/storage/v1/object/public/content/enablers/Betreiben_von_IT-Systemen_par4_Abs._2_Nr.8/09_Risiken_identifizieren_MaBnahmen_planen_und_Ausfallwahrscheinlichkeiten_beruecksichtigen/09_Risiken_identifizieren_MaBnahmen_planen_und_Ausfallwahrscheinlichkeiten_beruecksichtigen.pdf","09_Risiken identifizieren, MaBnahmen planen und Ausfallwahrscheinlichkeiten berücksichtigen.pdf"
"Betreiben von IT-Systemen (§4 Abs. 2 Nr.8)","10_Maßnahmen zur Sicherstellung des Betriebes beurteilen können","10_Maßnahmen zur Sicherstellung des Betriebes beurteilen können","https://ngpsgwwlnlliphfgtrya.supabase.co/storage/v1/object/public/content/enablers/Betreiben_von_IT-Systemen_par4_Abs._2_Nr.8/10_Massnahmen_zur_Sicherstellung_des_Betriebes_beurteilen_koennen/10_Massnahmen_zur_Sicherstellung_des_Betriebes_beurteilen_koennen.pdf","10_Maßnahmen zur Sicherstellung des Betriebes beurteilen können.pdf"
"Betreiben von IT-Systemen (§4 Abs. 2 Nr.8)","11_Monitoringsysteme anwenden und Ergebnisse interpretieren können","11_Monitoringsysteme anwenden und Ergebnisse interpretieren können","https://ngpsgwwlnlliphfgtrya.supabase.co/storage/v1/object/public/content/enablers/Betreiben_von_IT-Systemen_par4_Abs._2_Nr.8/11_Monitoringsysteme_anwenden_und_Ergebnisse_interpretieren_koennen/11_Monitoringsysteme_anwenden_und_Ergebnisse_interpretieren_koennen.pdf","11_Monitoringsysteme anwenden und Ergebnisse interpretieren können.pdf"
"Betreiben von IT-Systemen (§4 Abs. 2 Nr.8)","12_Monitoringergebnisse analysieren und korrektive Maßnahmen bestimmen können","12_Monitoringergebnisse analysieren und korrektive Maßnahmen bestimmen können","https://ngpsgwwlnlliphfgtrya.supabase.co/storage/v1/object/public/content/enablers/Betreiben_von_IT-Systemen_par4_Abs._2_Nr.8/12_Monitoringergebnisse_analysieren_und_korrektive_Massnahmen_bestimmen_koennen/12_Monitoringergebnisse_analysieren_und_korrektive_Massnahmen_bestimmen_koennen.pdf","12_Monitoringergebnisse analysieren und korrektive Maßnahmen bestimmen können.pdf"
"Betreiben von IT-Systemen (§4 Abs. 2 Nr.8)","13_Berufliche Fortbildung und Umschulung","13_Berufliche Fortbildung und Umschulung","https://ngpsgwwlnlliphfgtrya.supabase.co/storage/v1/object/public/content/enablers/Betreiben_von_IT-Systemen_par4_Abs._2_Nr.8/13_Berufliche_Fortbildung_und_Umschulung/13_Berufliche_Fortbildung_und_Umschulung.pdf","13_Berufliche Fortbildung und Umschulung.pdf"
"Beurteilen marktgängiger IT-Systeme (Vertiefung) (§ 4 Abs. 2 Nr. 3  J2)","01_Marktgängige IT-Syteme kennen, unterscheiden und beurteilen können","01_Marktgängige IT-Syteme kennen, unterscheiden und beurteilen können","https://ngpsgwwlnlliphfgtrya.supabase.co/storage/v1/object/public/content/enablers/Beurteilen_marktgaengiger_IT-Systeme_Vertiefung_par_4_Abs._2_Nr._3_J2/01_Marktgaengige_IT-Syteme_kennen_unterscheiden_und_beurteilen_koennen/01_Marktgaengige_IT-Syteme_kennen_unterscheiden_und_beurteilen_koennen.pdf","01_Marktgängige IT-Syteme kennen, unterscheiden und beurteilen können.pdf"
"Beurteilen marktgängiger IT-Systeme (Vertiefung) (§ 4 Abs. 2 Nr. 3  J2)","02_Typische IT-Systeme und deren Einsatzbereiche identifizieren und zuordnen können","02_Typische IT-Systeme und deren Einsatzbereiche identifizieren und zuordnen können","https://ngpsgwwlnlliphfgtrya.supabase.co/storage/v1/object/public/content/enablers/Beurteilen_marktgaengiger_IT-Systeme_Vertiefung_par_4_Abs._2_Nr._3_J2/02_Typische_IT-Systeme_und_deren_Einsatzbereiche_identifizieren_und_zuordnen_koennen/02_Typische_IT-Systeme_und_deren_Einsatzbereiche_identifizieren_und_zuordnen_koennen.pdf","02_Typische IT-Systeme und deren Einsatzbereiche identifizieren und zuordnen können.pdf"
"Beurteilen marktgängiger IT-Systeme (Vertiefung) (§ 4 Abs. 2 Nr. 3  J2)","03_Leistungsfähigkeit und Energieeffizienz von IT-Systemen bestimmen, analysieren und beurteilen können","03_Leistungsfähigkeit und Energieeffizienz von IT-Systemen bestimmen,","https://ngpsgwwlnlliphfgtrya.supabase.co/storage/v1/object/public/content/enablers/Beurteilen_marktgaengiger_IT-Systeme_Vertiefung_par_4_Abs._2_Nr._3_J2/03_Leistungsfaehigkeit_und_Energieeffizienz_von_IT-Systemen_bestimmen_analysieren_und_beurteilen_koennen/03_Leistungsfaehigkeit_und_Energieeffizienz_von_IT-Systemen_bestimmen.pdf","03_Leistungsfähigkeit und Energieeffizienz von IT-Systemen bestimmen,.pdf"
"Beurteilen marktgängiger IT-Systeme (Vertiefung) (§ 4 Abs. 2 Nr. 3  J2)","04_Wirtschaftlichkeit von IT-Systemen bestimmen und beurteilen können","04_Wirtschaftlichkeit von IT-Systemen bestimmen und beurteilen können","https://ngpsgwwlnlliphfgtrya.supabase.co/storage/v1/object/public/content/enablers/Beurteilen_marktgaengiger_IT-Systeme_Vertiefung_par_4_Abs._2_Nr._3_J2/04_Wirtschaftlichkeit_von_IT-Systemen_bestimmen_und_beurteilen_koennen/04_Wirtschaftlichkeit_von_IT-Systemen_bestimmen_und_beurteilen_koennen.pdf","04_Wirtschaftlichkeit von IT-Systemen bestimmen und beurteilen können.pdf"
"Beurteilen marktgängiger IT-Systeme (§ 4 Abs. 2 Nr. 3)","01_Marktgängige IT-Syteme kennen, unterscheiden und beurteilen können","01_Marktgängige IT-Syteme kennen, unterscheiden und beurteilen können","https://ngpsgwwlnlliphfgtrya.supabase.co/storage/v1/object/public/content/enablers/Beurteilen_marktgaengiger_IT-Systeme_par_4_Abs._2_Nr._3/01_Marktgaengige_IT-Syteme_kennen_unterscheiden_und_beurteilen_koennen/01_Marktgaengige_IT-Syteme_kennen_unterscheiden_und_beurteilen_koennen.pdf","01_Marktgängige IT-Syteme kennen, unterscheiden und beurteilen können.pdf"
"Beurteilen marktgängiger IT-Systeme (§ 4 Abs. 2 Nr. 3)","02_Typische IT-Systeme und deren Einsatzbereiche identifizieren und zuordnen können","02_Typische IT-Systeme und deren Einsatzbereiche identifizieren und zuordnen können","https://ngpsgwwlnlliphfgtrya.supabase.co/storage/v1/object/public/content/enablers/Beurteilen_marktgaengiger_IT-Systeme_par_4_Abs._2_Nr._3/02_Typische_IT-Systeme_und_deren_Einsatzbereiche_identifizieren_und_zuordnen_koennen/02_Typische_IT-Systeme_und_deren_Einsatzbereiche_identifizieren_und_zuordnen_koennen.pdf","02_Typische IT-Systeme und deren Einsatzbereiche identifizieren und zuordnen können.pdf"
"Beurteilen marktgängiger IT-Systeme (§ 4 Abs. 2 Nr. 3)","03_Leistungsfähigkeit und Energieeffizienz von IT-Systemen bestimmen, analysieren und beurteilen können","03_Leistungsfähigkeit und Energieeffizienz von IT-Systemen bestimmen,","https://ngpsgwwlnlliphfgtrya.supabase.co/storage/v1/object/public/content/enablers/Beurteilen_marktgaengiger_IT-Systeme_par_4_Abs._2_Nr._3/03_Leistungsfaehigkeit_und_Energieeffizienz_von_IT-Systemen_bestimmen_analysieren_und_beurteilen_koennen/03_Leistungsfaehigkeit_und_Energieeffizienz_von_IT-Systemen_bestimmen.pdf","03_Leistungsfähigkeit und Energieeffizienz von IT-Systemen bestimmen,.pdf"
"Beurteilen marktgängiger IT-Systeme (§ 4 Abs. 2 Nr. 3)","04_Wirtschaftlichkeit von IT-Systemen bestimmen und beurteilen können","04_Wirtschaftlichkeit von IT-Systemen bestimmen und beurteilen können","https://ngpsgwwlnlliphfgtrya.supabase.co/storage/v1/object/public/content/enablers/Beurteilen_marktgaengiger_IT-Systeme_par_4_Abs._2_Nr._3/04_Wirtschaftlichkeit_von_IT-Systemen_bestimmen_und_beurteilen_koennen/04_Wirtschaftlichkeit_von_IT-Systemen_bestimmen_und_beurteilen_koennen.pdf","04_Wirtschaftlichkeit von IT-Systemen bestimmen und beurteilen können.pdf"
"Durchführen von QS-Maßnahmen (Vertiefung) (§ 4 Abs. 2 Nr. 5  J2)","01_Methoden der Qualitätslenkung anwenden","01_Methoden der Qualitätslenkung anwenden","https://ngpsgwwlnlliphfgtrya.supabase.co/storage/v1/object/public/content/enablers/Durchfuehren_von_QS-Massnahmen_Vertiefung_par_4_Abs._2_Nr._5_J2/01_Methoden_der_Qualitaetslenkung_anwenden/01_Methoden_der_Qualitaetslenkung_anwenden.pdf","01_Methoden der Qualitätslenkung anwenden.pdf"
"Durchführen von QS-Maßnahmen (Vertiefung) (§ 4 Abs. 2 Nr. 5  J2)","02_Methoden zur Messung der Zielerreichung im QM-Prozess kennen und anwenden","02_Methoden zur Messung der Zielerreichung im QM-Prozess kennen und anwenden","https://ngpsgwwlnlliphfgtrya.supabase.co/storage/v1/object/public/content/enablers/Durchfuehren_von_QS-Massnahmen_Vertiefung_par_4_Abs._2_Nr._5_J2/02_Methoden_zur_Messung_der_Zielerreichung_im_QM-Prozess_kennen_und_anwenden/02_Methoden_zur_Messung_der_Zielerreichung_im_QM-Prozess_kennen_und_anwenden.pdf","02_Methoden zur Messung der Zielerreichung im QM-Prozess kennen und anwenden.pdf"
"Durchführen von qualitätssichernden Maßnahmen (§ 4 Abs. 2 Nr. 5)","01_Grundverständnis zu folgenden Fachbegriffen nachweisen","01_Grundverständnis zu folgenden Fachbegriffen nachweisen","https://ngpsgwwlnlliphfgtrya.supabase.co/storage/v1/object/public/content/enablers/Durchfuehren_von_qualitaetssichernden_Massnahmen_par_4_Abs._2_Nr._5/01_Grundverstaendnis_zu_folgenden_Fachbegriffen_nachweisen/01_Grundverstaendnis_zu_folgenden_Fachbegriffen_nachweisen.pdf","01_Grundverständnis zu folgenden Fachbegriffen nachweisen.pdf"
"Durchführen von qualitätssichernden Maßnahmen (§ 4 Abs. 2 Nr. 5)","02_Maßnahmen des Qualitätsmanagements für den eigenen Arbeitsbereich kennen, planen und anwenden","02_Maßnahmen des Qualitätsmanagements für den eigenen Arbeitsberei","https://ngpsgwwlnlliphfgtrya.supabase.co/storage/v1/object/public/content/enablers/Durchfuehren_von_qualitaetssichernden_Massnahmen_par_4_Abs._2_Nr._5/02_Massnahmen_des_Qualitaetsmanagements_fuer_den_eigenen_Arbeitsbereich_kennen_planen_und_anwenden/02_Massnahmen_des_Qualitaetsmanagements_fuer_den_eigenen_Arbeitsberei.pdf","02_Maßnahmen des Qualitätsmanagements für den eigenen Arbeitsberei.pdf"
"Entwickeln von IT-Lösungen (Vertiefung) (§ 4 Abs. 2 Nr. 4  J2)","01_Fehler erkennen, analysieren und beheben","01_Fehler erkennen, analysieren und beheben","https://ngpsgwwlnlliphfgtrya.supabase.co/storage/v1/object/public/content/enablers/Entwickeln_von_IT-Loesungen_Vertiefung_par_4_Abs._2_Nr._4_J2/01_Fehler_erkennen_analysieren_und_beheben/01_Fehler_erkennen_analysieren_und_beheben.pdf","01_Fehler erkennen, analysieren und beheben.pdf"
"Entwickeln von IT-Lösungen (Vertiefung) (§ 4 Abs. 2 Nr. 4  J2)","02_Algorithmen formulieren und Programme entwickeln","02_Algorithmen formulieren und Programme entwickeln","https://ngpsgwwlnlliphfgtrya.supabase.co/storage/v1/object/public/content/enablers/Entwickeln_von_IT-Loesungen_Vertiefung_par_4_Abs._2_Nr._4_J2/02_Algorithmen_formulieren_und_Programme_entwickeln/02_Algorithmen_formulieren_und_Programme_entwickeln.pdf","02_Algorithmen formulieren und Programme entwickeln.pdf"
"Entwickeln von IT-Lösungen (Vertiefung) (§ 4 Abs. 2 Nr. 4  J2)","03_Datenbanken modellieren und erstellen","03_Datenbanken modellieren und erstellen","https://ngpsgwwlnlliphfgtrya.supabase.co/storage/v1/object/public/content/enablers/Entwickeln_von_IT-Loesungen_Vertiefung_par_4_Abs._2_Nr._4_J2/03_Datenbanken_modellieren_und_erstellen/03_Datenbanken_modellieren_und_erstellen.pdf","03_Datenbanken modellieren und erstellen.pdf"
"Entwickeln, Erstellen und Betreuen von IT-Lösungen (§ 4 Abs. 2 Nr. 4)","01_IT-Systeme unter Berücksichtigung des IT- Umfeldes konzeptionieren, konfigurieren, testen und dokumentieren können","01_IT-Systeme unter Berücksichtigung des","https://ngpsgwwlnlliphfgtrya.supabase.co/storage/v1/object/public/content/enablers/Entwickeln_Erstellen_und_Betreuen_von_IT-Loesungen_par_4_Abs._2_Nr._4/01_IT-Systeme_unter_Beruecksichtigung_des_IT-_Umfeldes_konzeptionieren_konfigurieren_testen_und_dokumentieren_koennen/01_IT-Systeme_unter_Beruecksichtigung_des.pdf","01_IT-Systeme unter Berücksichtigung des.pdf"
"Entwickeln, Erstellen und Betreuen von IT-Lösungen (§ 4 Abs. 2 Nr. 4)","02_Bedarfsgerechte Auswahl von Hardware vor- nehmen und begründen können","02_Bedarfsgerechte Auswahl von Hardware vor- nehmen und begründen können","https://ngpsgwwlnlliphfgtrya.supabase.co/storage/v1/object/public/content/enablers/Entwickeln_Erstellen_und_Betreuen_von_IT-Loesungen_par_4_Abs._2_Nr._4/02_Bedarfsgerechte_Auswahl_von_Hardware_vor-_nehmen_und_begruenden_koennen/02_Bedarfsgerechte_Auswahl_von_Hardware_vor-_nehmen_und_begruenden_koennen.pdf","02_Bedarfsgerechte Auswahl von Hardware vor- nehmen und begründen können.pdf"
"Entwickeln, Erstellen und Betreuen von IT-Lösungen (§ 4 Abs. 2 Nr. 4)","03_Bedarfsgerechte Auswahl von Software vorneh- men und begründen können","03_Bedarfsgerechte Auswahl von Software vorneh- men und begründen können","https://ngpsgwwlnlliphfgtrya.supabase.co/storage/v1/object/public/content/enablers/Entwickeln_Erstellen_und_Betreuen_von_IT-Loesungen_par_4_Abs._2_Nr._4/03_Bedarfsgerechte_Auswahl_von_Software_vorneh-_men_und_begruenden_koennen/03_Bedarfsgerechte_Auswahl_von_Software_vorneh-_men_und_begruenden_koennen.pdf","03_Bedarfsgerechte Auswahl von Software vorneh- men und begründen können.pdf"
"Entwickeln, Erstellen und Betreuen von IT-Lösungen (§ 4 Abs. 2 Nr. 4)","04_Urheberrechtsgesetz kennen und Lizenzmodelle unterscheiden können","04_Urheberrechtsgesetz kennen und Lizenzmodelle unterscheiden können","https://ngpsgwwlnlliphfgtrya.supabase.co/storage/v1/object/public/content/enablers/Entwickeln_Erstellen_und_Betreuen_von_IT-Loesungen_par_4_Abs._2_Nr._4/04_Urheberrechtsgesetz_kennen_und_Lizenzmodelle_unterscheiden_koennen/04_Urheberrechtsgesetz_kennen_und_Lizenzmodelle_unterscheiden_koennen.pdf","04_Urheberrechtsgesetz kennen und Lizenzmodelle unterscheiden können.pdf"
"Entwickeln, Erstellen und Betreuen von IT-Lösungen (§ 4 Abs. 2 Nr. 4)","05_Aktivitäten bei Installationen und Konfigurati- onen kennen und beurteilen","05_Aktivitäten bei Installationen und Konfigurati- onen kennen und beurteilen","https://ngpsgwwlnlliphfgtrya.supabase.co/storage/v1/object/public/content/enablers/Entwickeln_Erstellen_und_Betreuen_von_IT-Loesungen_par_4_Abs._2_Nr._4/05_Aktivitaeten_bei_Installationen_und_Konfigurati-_onen_kennen_und_beurteilen/05_Aktivitaeten_bei_Installationen_und_Konfigurati-_onen_kennen_und_beurteilen.pdf","05_Aktivitäten bei Installationen und Konfigurati- onen kennen und beurteilen.pdf"
"Entwickeln, Erstellen und Betreuen von IT-Lösungen (§ 4 Abs. 2 Nr. 4)","06_ Programmiersprachen mit folgenden Merkmalen kennen, einordnen und unterscheiden können","06_ Programmiersprachen mit folgenden Merkmalen kennen, einordnen u","https://ngpsgwwlnlliphfgtrya.supabase.co/storage/v1/object/public/content/enablers/Entwickeln_Erstellen_und_Betreuen_von_IT-Loesungen_par_4_Abs._2_Nr._4/06__Programmiersprachen_mit_folgenden_Merkmalen_kennen_einordnen_und_unterscheiden_koennen/06__Programmiersprachen_mit_folgenden_Merkmalen_kennen_einordnen_u.pdf","06_ Programmiersprachen mit folgenden Merkmalen kennen, einordnen u.pdf"
"Entwickeln, Erstellen und Betreuen von IT-Lösungen (§ 4 Abs. 2 Nr. 4)","07_Programmierwerkzeuge kennen und anwenden können","07_Programmierwerkzeuge kennen und anwenden können","https://ngpsgwwlnlliphfgtrya.supabase.co/storage/v1/object/public/content/enablers/Entwickeln_Erstellen_und_Betreuen_von_IT-Loesungen_par_4_Abs._2_Nr._4/07_Programmierwerkzeuge_kennen_und_anwenden_koennen/07_Programmierwerkzeuge_kennen_und_anwenden_koennen.pdf","07_Programmierwerkzeuge kennen und anwenden können.pdf"
"Entwickeln, Erstellen und Betreuen von IT-Lösungen (§ 4 Abs. 2 Nr. 4)","08_Grundlagen von relationalen Datenbanken kennen und anwenden können","08_Grundlagen von relationalen Datenbanken kennen und anwenden können","https://ngpsgwwlnlliphfgtrya.supabase.co/storage/v1/object/public/content/enablers/Entwickeln_Erstellen_und_Betreuen_von_IT-Loesungen_par_4_Abs._2_Nr._4/08_Grundlagen_von_relationalen_Datenbanken_kennen_und_anwenden_koennen/08_Grundlagen_von_relationalen_Datenbanken_kennen_und_anwenden_koennen.pdf","08_Grundlagen von relationalen Datenbanken kennen und anwenden können.pdf"
"Erbringen der Leistungen und Auftragsabschluss (§ 4 Abs. 2 Nr. 7)","01_Vertragsarten, Vertragsbestandteile und Vertragsstörungen kennen und unterscheiden","01_Vertragsarten, Vertragsbestandteile und Vertragsstörungen kennen und unte","https://ngpsgwwlnlliphfgtrya.supabase.co/storage/v1/object/public/content/enablers/Erbringen_der_Leistungen_und_Auftragsabschluss_par_4_Abs._2_Nr._7/01_Vertragsarten_Vertragsbestandteile_und_Vertragsstoerungen_kennen_und_unterscheiden/01_Vertragsarten_Vertragsbestandteile_und_Vertragsstoerungen_kennen_und_unte.pdf","01_Vertragsarten, Vertragsbestandteile und Vertragsstörungen kennen und unte.pdf"
"Erbringen der Leistungen und Auftragsabschluss (§ 4 Abs. 2 Nr. 7)","02_Zielsetzungen des Unternehmens dem Leitbild entnehmen können","02_Zielsetzungen des Unternehmens dem Leitbild entnehmen können","https://ngpsgwwlnlliphfgtrya.supabase.co/storage/v1/object/public/content/enablers/Erbringen_der_Leistungen_und_Auftragsabschluss_par_4_Abs._2_Nr._7/02_Zielsetzungen_des_Unternehmens_dem_Leitbild_entnehmen_koennen/02_Zielsetzungen_des_Unternehmens_dem_Leitbild_entnehmen_koennen.pdf","02_Zielsetzungen des Unternehmens dem Leitbild entnehmen können.pdf"
"Erbringen der Leistungen und Auftragsabschluss (§ 4 Abs. 2 Nr. 7)","03_Umsetzungsvarianten der Leistungserbringung kennen","03_Umsetzungsvarianten der Leistungserbringung kennen","https://ngpsgwwlnlliphfgtrya.supabase.co/storage/v1/object/public/content/enablers/Erbringen_der_Leistungen_und_Auftragsabschluss_par_4_Abs._2_Nr._7/03_Umsetzungsvarianten_der_Leistungserbringung_kennen/03_Umsetzungsvarianten_der_Leistungserbringung_kennen.pdf","03_Umsetzungsvarianten der Leistungserbringung kennen.pdf"
"Erbringen der Leistungen und Auftragsabschluss (§ 4 Abs. 2 Nr. 7)","04_Leistungserbringung gemäß der Aufbauorganisation des eigenen Unternehmens abstimmen,","04_Leistungserbringung gemäß der Aufbauorganisation des eigenen Unternehme","https://ngpsgwwlnlliphfgtrya.supabase.co/storage/v1/object/public/content/enablers/Erbringen_der_Leistungen_und_Auftragsabschluss_par_4_Abs._2_Nr._7/04_Leistungserbringung_gemaess_der_Aufbauorganisation_des_eigenen_Unternehmens_abstimmen/04_Leistungserbringung_gemaess_der_Aufbauorganisation_des_eigenen_Unternehme.pdf","04_Leistungserbringung gemäß der Aufbauorganisation des eigenen Unternehme.pdf"
"Erbringen der Leistungen und Auftragsabschluss (§ 4 Abs. 2 Nr. 7)","05_Veränderungsprozesse begleiten und unterstützen","05_Veränderungsprozesse begleiten und unterstützen","https://ngpsgwwlnlliphfgtrya.supabase.co/storage/v1/object/public/content/enablers/Erbringen_der_Leistungen_und_Auftragsabschluss_par_4_Abs._2_Nr._7/05_Veraenderungsprozesse_begleiten_und_unterstuetzen/05_Veraenderungsprozesse_begleiten_und_unterstuetzen.pdf","05_Veränderungsprozesse begleiten und unterstützen.pdf"
"Erbringen der Leistungen und Auftragsabschluss (§ 4 Abs. 2 Nr. 7)","06_Leistungsübergabe und Einweisungen planen und dokumentieren","06_Leistungsübergabe und Einweisungen planen und dokumentieren","https://ngpsgwwlnlliphfgtrya.supabase.co/storage/v1/object/public/content/enablers/Erbringen_der_Leistungen_und_Auftragsabschluss_par_4_Abs._2_Nr._7/06_Leistungsuebergabe_und_Einweisungen_planen_und_dokumentieren/06_Leistungsuebergabe_und_Einweisungen_planen_und_dokumentieren.pdf","06_Leistungsübergabe und Einweisungen planen und dokumentieren.pdf"
"Erbringen der Leistungen und Auftragsabschluss (§ 4 Abs. 2 Nr. 7)","07_Leistungserbringung bewerten und dokumentieren können","07_Leistungserbringung bewerten und dokumentieren können","https://ngpsgwwlnlliphfgtrya.supabase.co/storage/v1/object/public/content/enablers/Erbringen_der_Leistungen_und_Auftragsabschluss_par_4_Abs._2_Nr._7/07_Leistungserbringung_bewerten_und_dokumentieren_koennen/07_Leistungserbringung_bewerten_und_dokumentieren_koennen.pdf","07_Leistungserbringung bewerten und dokumentieren können.pdf"
"Inbetriebnehmen von Speicherlösungen (§ 4 Abs. 2 Nr. 9)","01_Technische und organisatorische Maßnahmen (TOM)","01_Technische und organisatorische Maßnahmen (TOM)","https://ngpsgwwlnlliphfgtrya.supabase.co/storage/v1/object/public/content/enablers/Inbetriebnehmen_von_Speicherloesungen_par_4_Abs._2_Nr._9/01_Technische_und_organisatorische_Massnahmen_TOM/01_Technische_und_organisatorische_Massnahmen_TOM.pdf","01_Technische und organisatorische Maßnahmen (TOM).pdf"
"Inbetriebnehmen von Speicherlösungen (§ 4 Abs. 2 Nr. 9)","02_Möglichkeiten der physischen und hardwaretechnischen Absicherungen bennen","02_Möglichkeiten der physischen und hardwaretechnischen Absicherungen bennen","https://ngpsgwwlnlliphfgtrya.supabase.co/storage/v1/object/public/content/enablers/Inbetriebnehmen_von_Speicherloesungen_par_4_Abs._2_Nr._9/02_Moeglichkeiten_der_physischen_und_hardwaretechnischen_Absicherungen_bennen/02_Moeglichkeiten_der_physischen_und_hardwaretechnischen_Absicherungen_bennen.pdf","02_Möglichkeiten der physischen und hardwaretechnischen Absicherungen bennen.pdf"
"Inbetriebnehmen von Speicherlösungen (§ 4 Abs. 2 Nr. 9)","03_Möglichkeiten der softwaretechnischen Absicherung implementieren können","03_Möglichkeiten der softwaretechnischen Absicherung implementieren können","https://ngpsgwwlnlliphfgtrya.supabase.co/storage/v1/object/public/content/enablers/Inbetriebnehmen_von_Speicherloesungen_par_4_Abs._2_Nr._9/03_Moeglichkeiten_der_softwaretechnischen_Absicherung_implementieren_koennen/03_Moeglichkeiten_der_softwaretechnischen_Absicherung_implementieren_koennen.pdf","03_Möglichkeiten der softwaretechnischen Absicherung implementieren können.pdf"
"Inbetriebnehmen von Speicherlösungen (§ 4 Abs. 2 Nr. 9)","04_Verschiedene Service- und Liefermodelle benennen und bedarfsorientiert auswählen können","04_Verschiedene Service- und Liefermodelle benennen und bedarfsorientiert auswähl","https://ngpsgwwlnlliphfgtrya.supabase.co/storage/v1/object/public/content/enablers/Inbetriebnehmen_von_Speicherloesungen_par_4_Abs._2_Nr._9/04_Verschiedene_Service-_und_Liefermodelle_benennen_und_bedarfsorientiert_auswaehlen_koennen/04_Verschiedene_Service-_und_Liefermodelle_benennen_und_bedarfsorientiert_auswaehl.pdf","04_Verschiedene Service- und Liefermodelle benennen und bedarfsorientiert auswähl.pdf"
"Inbetriebnehmen von Speicherlösungen (§ 4 Abs. 2 Nr. 9)","05_Daten heterogener Quellen zusammenführen können","05_Daten heterogener Quellen zusammenführen können","https://ngpsgwwlnlliphfgtrya.supabase.co/storage/v1/object/public/content/enablers/Inbetriebnehmen_von_Speicherloesungen_par_4_Abs._2_Nr._9/05_Daten_heterogener_Quellen_zusammenfuehren_koennen/05_Daten_heterogener_Quellen_zusammenfuehren_koennen.pdf","05_Daten heterogener Quellen zusammenführen können.pdf"
"Inbetriebnehmen von Speicherlösungen (§ 4 Abs. 2 Nr. 9)","06_Netzwerkkomponenten und -protokolle beschreiben können","06_Netzwerkkomponenten und -protokolle beschreiben können","https://ngpsgwwlnlliphfgtrya.supabase.co/storage/v1/object/public/content/enablers/Inbetriebnehmen_von_Speicherloesungen_par_4_Abs._2_Nr._9/06_Netzwerkkomponenten_und_-protokolle_beschreiben_koennen/06_Netzwerkkomponenten_und_-protokolle_beschreiben_koennen.pdf","06_Netzwerkkomponenten und -protokolle beschreiben können.pdf"
"Informieren und Beraten von Kunden (§ 4 Abs. 2 Nr. 2)","01_Marktsituationen bewerten können","01_Marktsituationen bewerten können","https://ngpsgwwlnlliphfgtrya.supabase.co/storage/v1/object/public/content/enablers/Informieren_und_Beraten_von_Kunden_par_4_Abs._2_Nr._2/01_Marktsituationen_bewerten_koennen/01_Marktsituationen_bewerten_koennen.pdf","01_Marktsituationen bewerten können.pdf"
"Informieren und Beraten von Kunden (§ 4 Abs. 2 Nr. 2)","02_Zielgruppengerechte Bedarfsanalyse durch- führen können","02_Zielgruppengerechte Bedarfsanalyse durch- führen können","https://ngpsgwwlnlliphfgtrya.supabase.co/storage/v1/object/public/content/enablers/Informieren_und_Beraten_von_Kunden_par_4_Abs._2_Nr._2/02_Zielgruppengerechte_Bedarfsanalyse_durch-_fuehren_koennen/02_Zielgruppengerechte_Bedarfsanalyse_durch-_fuehren_koennen.pdf","02_Zielgruppengerechte Bedarfsanalyse durch- führen können.pdf"
"Informieren und Beraten von Kunden (§ 4 Abs. 2 Nr. 2)","03_ZielgerichteteMethoden zur Kundenberatung kennen und beurteilen können","03_ZielgerichteteMethoden zur Kundenberatung kennen und beurteilen können","https://ngpsgwwlnlliphfgtrya.supabase.co/storage/v1/object/public/content/enablers/Informieren_und_Beraten_von_Kunden_par_4_Abs._2_Nr._2/03_ZielgerichteteMethoden_zur_Kundenberatung_kennen_und_beurteilen_koennen/03_ZielgerichteteMethoden_zur_Kundenberatung_kennen_und_beurteilen_koennen.pdf","03_ZielgerichteteMethoden zur Kundenberatung kennen und beurteilen können.pdf"
"Informieren und Beraten von Kunden (§ 4 Abs. 2 Nr. 2)","04_Informationen aufbereiten und präsentieren sowie Quellen auswerten können","04_Informationen aufbereiten und präsentieren sowie Quellen auswerten können","https://ngpsgwwlnlliphfgtrya.supabase.co/storage/v1/object/public/content/enablers/Informieren_und_Beraten_von_Kunden_par_4_Abs._2_Nr._2/04_Informationen_aufbereiten_und_praesentieren_sowie_Quellen_auswerten_koennen/04_Informationen_aufbereiten_und_praesentieren_sowie_Quellen_auswerten_koennen.pdf","04_Informationen aufbereiten und präsentieren sowie Quellen auswerten können.pdf"
"Informieren und Beraten von Kunden (§ 4 Abs. 2 Nr. 2)","05_Marketingaktivitäten unterstützen können","05_Marketingaktivitäten unterstützen können","https://ngpsgwwlnlliphfgtrya.supabase.co/storage/v1/object/public/content/enablers/Informieren_und_Beraten_von_Kunden_par_4_Abs._2_Nr._2/05_Marketingaktivitaeten_unterstuetzen_koennen/05_Marketingaktivitaeten_unterstuetzen_koennen.pdf","05_Marketingaktivitäten unterstützen können.pdf"
"IT-Sicherheit & Datenschutz (Vertiefung) (§ 4 Abs. 2 Nr. 6  J2)","01_Schadenspotenziale von IT-Sicherheitsvorfällen einschätzen und Schäden verhindern können","01_Schadenspotenziale von IT-Sicherheitsvorfällen einschätzen und Schäde","https://ngpsgwwlnlliphfgtrya.supabase.co/storage/v1/object/public/content/enablers/IT-Sicherheit_Datenschutz_Vertiefung_par_4_Abs._2_Nr._6_J2/01_Schadenspotenziale_von_IT-Sicherheitsvorfaellen_einschaetzen_und_Schaeden_verhindern_koennen/01_Schadenspotenziale_von_IT-Sicherheitsvorfaellen_einschaetzen_und_Schaede.pdf","01_Schadenspotenziale von IT-Sicherheitsvorfällen einschätzen und Schäde.pdf"
"IT-Sicherheit & Datenschutz (Vertiefung) (§ 4 Abs. 2 Nr. 6  J2)","02_Präventive IT-Sicherheitsmaßnahmen für verschiedene Bedrohungsszenarien planen und umsetzen","02_Präventive IT-Sicherheitsmaßnahmen für verschiedene Bedrohungsszen","https://ngpsgwwlnlliphfgtrya.supabase.co/storage/v1/object/public/content/enablers/IT-Sicherheit_Datenschutz_Vertiefung_par_4_Abs._2_Nr._6_J2/02_Praeventive_IT-Sicherheitsmassnahmen_fuer_verschiedene_Bedrohungsszenarien_planen_und_umsetzen/02_Praeventive_IT-Sicherheitsmassnahmen_fuer_verschiedene_Bedrohungsszen.pdf","02_Präventive IT-Sicherheitsmaßnahmen für verschiedene Bedrohungsszen.pdf"
"IT-Sicherheit & Datenschutz (Vertiefung) (§ 4 Abs. 2 Nr. 6  J2)","03_Ziele zur Entwicklung von IT-Sicherheitskriterien definieren","03_Ziele zur Entwicklung von IT-Sicherheitskriterien definieren","https://ngpsgwwlnlliphfgtrya.supabase.co/storage/v1/object/public/content/enablers/IT-Sicherheit_Datenschutz_Vertiefung_par_4_Abs._2_Nr._6_J2/03_Ziele_zur_Entwicklung_von_IT-Sicherheitskriterien_definieren/03_Ziele_zur_Entwicklung_von_IT-Sicherheitskriterien_definieren.pdf","03_Ziele zur Entwicklung von IT-Sicherheitskriterien definieren.pdf"
"IT-Sicherheit & Datenschutz (Vertiefung) (§ 4 Abs. 2 Nr. 6  J2)","04_Kunden zur IT-Sicherheit beraten","04_Kunden zur IT-Sicherheit beraten","https://ngpsgwwlnlliphfgtrya.supabase.co/storage/v1/object/public/content/enablers/IT-Sicherheit_Datenschutz_Vertiefung_par_4_Abs._2_Nr._6_J2/04_Kunden_zur_IT-Sicherheit_beraten/04_Kunden_zur_IT-Sicherheit_beraten.pdf","04_Kunden zur IT-Sicherheit beraten.pdf"
"IT-Sicherheit & Datenschutz (Vertiefung) (§ 4 Abs. 2 Nr. 6  J2)","05_Verschiedene Tools zur Überprüfung von IT- Sicherheitsmaßnahmen erläutern","05_Verschiedene Tools zur Überprüfung von IT- Sicherheitsmaßnahmen erläutern","https://ngpsgwwlnlliphfgtrya.supabase.co/storage/v1/object/public/content/enablers/IT-Sicherheit_Datenschutz_Vertiefung_par_4_Abs._2_Nr._6_J2/05_Verschiedene_Tools_zur_ueberpruefung_von_IT-_Sicherheitsmassnahmen_erlaeutern/05_Verschiedene_Tools_zur_ueberpruefung_von_IT-_Sicherheitsmassnahmen_erlaeutern.pdf","05_Verschiedene Tools zur Überprüfung von IT- Sicherheitsmaßnahmen erläutern.pdf"
"IT-Sicherheit & Datenschutz (Vertiefung) (§ 4 Abs. 2 Nr. 6  J2)","06_Wirksamkeit und Effizienz der umgesetzten Technisch Organisatorischen Maßnahmen (TOM) zur IT-Sicherheit und zum Datenschutz prüfen","06_Wirksamkeit und Effizienz d","https://ngpsgwwlnlliphfgtrya.supabase.co/storage/v1/object/public/content/enablers/IT-Sicherheit_Datenschutz_Vertiefung_par_4_Abs._2_Nr._6_J2/06_Wirksamkeit_und_Effizienz_der_umgesetzten_Technisch_Organisatorischen_Massnahmen_TOM_zur_IT-Sicherheit_und_zum_Datenschutz_pruefen/06_Wirksamkeit_und_Effizienz_d.pdf","06_Wirksamkeit und Effizienz d.pdf"
"Konzipieren und Umsetzen von Softwareanwendungen (§ 4 Abs. 3 Nr. 1)","01_Lasten-Pflichtenheft erstellen können","01_Lasten-Pflichtenheft erstellen können","https://ngpsgwwlnlliphfgtrya.supabase.co/storage/v1/object/public/content/enablers/Konzipieren_und_Umsetzen_von_Softwareanwendungen_par_4_Abs._3_Nr._1/01_Lasten-Pflichtenheft_erstellen_koennen/01_Lasten-Pflichtenheft_erstellen_koennen.pdf","01_Lasten-Pflichtenheft erstellen können.pdf"
"Konzipieren und Umsetzen von Softwareanwendungen (§ 4 Abs. 3 Nr. 1)","02_Vorgehensmodelle unterscheiden können","02_Vorgehensmodelle unterscheiden können","https://ngpsgwwlnlliphfgtrya.supabase.co/storage/v1/object/public/content/enablers/Konzipieren_und_Umsetzen_von_Softwareanwendungen_par_4_Abs._3_Nr._1/02_Vorgehensmodelle_unterscheiden_koennen/02_Vorgehensmodelle_unterscheiden_koennen.pdf","02_Vorgehensmodelle unterscheiden können.pdf"
"Konzipieren und Umsetzen von Softwareanwendungen (§ 4 Abs. 3 Nr. 1)","03_Strukturierte Analyse- und Designverfahren anwenden können","03_Strukturierte Analyse- und Designverfahren anwenden können","https://ngpsgwwlnlliphfgtrya.supabase.co/storage/v1/object/public/content/enablers/Konzipieren_und_Umsetzen_von_Softwareanwendungen_par_4_Abs._3_Nr._1/03_Strukturierte_Analyse-_und_Designverfahren_anwenden_koennen/03_Strukturierte_Analyse-_und_Designverfahren_anwenden_koennen.pdf","03_Strukturierte Analyse- und Designverfahren anwenden können.pdf"
"Konzipieren und Umsetzen von Softwareanwendungen (§ 4 Abs. 3 Nr. 1)","04_Objektorientierte Analyse- und Designverfahren anwenden können","04_Objektorientierte Analyse- und Designverfahren anwenden können","https://ngpsgwwlnlliphfgtrya.supabase.co/storage/v1/object/public/content/enablers/Konzipieren_und_Umsetzen_von_Softwareanwendungen_par_4_Abs._3_Nr._1/04_Objektorientierte_Analyse-_und_Designverfahren_anwenden_koennen/04_Objektorientierte_Analyse-_und_Designverfahren_anwenden_koennen.pdf","04_Objektorientierte Analyse- und Designverfahren anwenden können.pdf"
"Konzipieren und Umsetzen von Softwareanwendungen (§ 4 Abs. 3 Nr. 1)","05_Programmspezifikationen_festlegen,_Datenmodelle","05_Programmspezifikationen_festlegen,_Datenmodelle","https://ngpsgwwlnlliphfgtrya.supabase.co/storage/v1/object/public/content/enablers/Konzipieren_und_Umsetzen_von_Softwareanwendungen_par_4_Abs._3_Nr._1/05_Programmspezifikationen_festlegen_Datenmodelle/05_Programmspezifikationen_festlegen_Datenmodelle.pdf","05_Programmspezifikationen_festlegen,_Datenmodelle.pdf"
"Konzipieren und Umsetzen von Softwareanwendungen (§ 4 Abs. 3 Nr. 1)","06_Konzepte von Programmiersprachen","06_Konzepte von Programmiersprachen","https://ngpsgwwlnlliphfgtrya.supabase.co/storage/v1/object/public/content/enablers/Konzipieren_und_Umsetzen_von_Softwareanwendungen_par_4_Abs._3_Nr._1/06_Konzepte_von_Programmiersprachen/06_Konzepte_von_Programmiersprachen.pdf","06_Konzepte von Programmiersprachen.pdf"
"Konzipieren und Umsetzen von Softwareanwendungen (§ 4 Abs. 3 Nr. 1)","07_Software-Entwicklungswerkzeuge aufgabenbezogen auswählen und anwenden können","07_Software-Entwicklungswerkzeuge aufgabenbezogen auswählen und anwenden können","https://ngpsgwwlnlliphfgtrya.supabase.co/storage/v1/object/public/content/enablers/Konzipieren_und_Umsetzen_von_Softwareanwendungen_par_4_Abs._3_Nr._1/07_Software-Entwicklungswerkzeuge_aufgabenbezogen_auswaehlen_und_anwenden_koennen/07_Software-Entwicklungswerkzeuge_aufgabenbezogen_auswaehlen_und_anwenden_koennen.pdf","07_Software-Entwicklungswerkzeuge aufgabenbezogen auswählen und anwenden können.pdf"
"Konzipieren und Umsetzen von Softwareanwendungen (§ 4 Abs. 3 Nr. 1)","08_Einsatzmöglichkeiten von Programmiersprachen kennen","08_Einsatzmöglichkeiten von Programmiersprachen kennen","https://ngpsgwwlnlliphfgtrya.supabase.co/storage/v1/object/public/content/enablers/Konzipieren_und_Umsetzen_von_Softwareanwendungen_par_4_Abs._3_Nr._1/08_Einsatzmoeglichkeiten_von_Programmiersprachen_kennen/08_Einsatzmoeglichkeiten_von_Programmiersprachen_kennen.pdf","08_Einsatzmöglichkeiten von Programmiersprachen kennen.pdf"
"Konzipieren und Umsetzen von Softwareanwendungen (§ 4 Abs. 3 Nr. 1)","09_UML-Diagramme erstellen können","09_UML-Diagramme erstellen können","https://ngpsgwwlnlliphfgtrya.supabase.co/storage/v1/object/public/content/enablers/Konzipieren_und_Umsetzen_von_Softwareanwendungen_par_4_Abs._3_Nr._1/09_UML-Diagramme_erstellen_koennen/09_UML-Diagramme_erstellen_koennen.pdf","09_UML-Diagramme erstellen können.pdf"
"Konzipieren und Umsetzen von Softwareanwendungen (§ 4 Abs. 3 Nr. 1)","10_Datenmodelle erstellen können","10_Datenmodelle erstellen können","https://ngpsgwwlnlliphfgtrya.supabase.co/storage/v1/object/public/content/enablers/Konzipieren_und_Umsetzen_von_Softwareanwendungen_par_4_Abs._3_Nr._1/10_Datenmodelle_erstellen_koennen/10_Datenmodelle_erstellen_koennen.pdf","10_Datenmodelle erstellen können.pdf"
"Konzipieren und Umsetzen von Softwareanwendungen (§ 4 Abs. 3 Nr. 1)","11_Normalisierung anwenden können (1. bis 3. Normalform)","11_Normalisierung anwenden können (1. bis 3. Normalform)","https://ngpsgwwlnlliphfgtrya.supabase.co/storage/v1/object/public/content/enablers/Konzipieren_und_Umsetzen_von_Softwareanwendungen_par_4_Abs._3_Nr._1/11_Normalisierung_anwenden_koennen_1._bis_3._Normalform/11_Normalisierung_anwenden_koennen_1._bis_3._Normalform.pdf","11_Normalisierung anwenden können (1. bis 3. Normalform).pdf"
"Konzipieren und Umsetzen von Softwareanwendungen (§ 4 Abs. 3 Nr. 1)","12_Architektur und Design Pattern anwenden können","12_Architektur und Design Pattern anwenden können","https://ngpsgwwlnlliphfgtrya.supabase.co/storage/v1/object/public/content/enablers/Konzipieren_und_Umsetzen_von_Softwareanwendungen_par_4_Abs._3_Nr._1/12_Architektur_und_Design_Pattern_anwenden_koennen/12_Architektur_und_Design_Pattern_anwenden_koennen.pdf","12_Architektur und Design Pattern anwenden können.pdf"
"Konzipieren und Umsetzen von Softwareanwendungen (§ 4 Abs. 3 Nr. 1)","13_Anforderungen an die Softwareergonomie benennen und beurteilen können","13_Anforderungen an die Softwareergonomie benennen und beurteilen können","https://ngpsgwwlnlliphfgtrya.supabase.co/storage/v1/object/public/content/enablers/Konzipieren_und_Umsetzen_von_Softwareanwendungen_par_4_Abs._3_Nr._1/13_Anforderungen_an_die_Softwareergonomie_benennen_und_beurteilen_koennen/13_Anforderungen_an_die_Softwareergonomie_benennen_und_beurteilen_koennen.pdf","13_Anforderungen an die Softwareergonomie benennen und beurteilen können.pdf"
"Konzipieren und Umsetzen von Softwareanwendungen (§ 4 Abs. 3 Nr. 1)","14_Benutzeroberfläche gestalten können","14_Benutzeroberfläche gestalten können","https://ngpsgwwlnlliphfgtrya.supabase.co/storage/v1/object/public/content/enablers/Konzipieren_und_Umsetzen_von_Softwareanwendungen_par_4_Abs._3_Nr._1/14_Benutzeroberflaeche_gestalten_koennen/14_Benutzeroberflaeche_gestalten_koennen.pdf","14_Benutzeroberfläche gestalten können.pdf"
"Konzipieren und Umsetzen von Softwareanwendungen (§ 4 Abs. 3 Nr. 1)","15_Prototypen (Mockups) erstellen können","15_Prototypen (Mockups) erstellen können","https://ngpsgwwlnlliphfgtrya.supabase.co/storage/v1/object/public/content/enablers/Konzipieren_und_Umsetzen_von_Softwareanwendungen_par_4_Abs._3_Nr._1/15_Prototypen_Mockups_erstellen_koennen/15_Prototypen_Mockups_erstellen_koennen.pdf","15_Prototypen (Mockups) erstellen können.pdf"
"Konzipieren und Umsetzen von Softwareanwendungen (§ 4 Abs. 3 Nr. 1)","16_Algorithmen erstellen können","16_Algorithmen erstellen können","https://ngpsgwwlnlliphfgtrya.supabase.co/storage/v1/object/public/content/enablers/Konzipieren_und_Umsetzen_von_Softwareanwendungen_par_4_Abs._3_Nr._1/16_Algorithmen_erstellen_koennen/16_Algorithmen_erstellen_koennen.pdf","16_Algorithmen erstellen können.pdf"
"Konzipieren und Umsetzen von Softwareanwendungen (§ 4 Abs. 3 Nr. 1)","17_Objektorientierte Programmiermethodenkonzepte anwenden können","17_Objektorientierte Programmiermethodenkonzepte anwenden können","https://ngpsgwwlnlliphfgtrya.supabase.co/storage/v1/object/public/content/enablers/Konzipieren_und_Umsetzen_von_Softwareanwendungen_par_4_Abs._3_Nr._1/17_Objektorientierte_Programmiermethodenkonzepte_anwenden_koennen/17_Objektorientierte_Programmiermethodenkonzepte_anwenden_koennen.pdf","17_Objektorientierte Programmiermethodenkonzepte anwenden können.pdf"
"Konzipieren und Umsetzen von Softwareanwendungen (§ 4 Abs. 3 Nr. 1)","18_Einfache Such- und Sortier-Algorithmen kennen","18_Einfache Such- und Sortier-Algorithmen kennen","https://ngpsgwwlnlliphfgtrya.supabase.co/storage/v1/object/public/content/enablers/Konzipieren_und_Umsetzen_von_Softwareanwendungen_par_4_Abs._3_Nr._1/18_Einfache_Such-_und_Sortier-Algorithmen_kennen/18_Einfache_Such-_und_Sortier-Algorithmen_kennen.pdf","18_Einfache Such- und Sortier-Algorithmen kennen.pdf"
"Konzipieren und Umsetzen von Softwareanwendungen (§ 4 Abs. 3 Nr. 1)","19_Bestehende Funktionen, Klassen erweitern","19_Bestehende Funktionen, Klassen erweitern","https://ngpsgwwlnlliphfgtrya.supabase.co/storage/v1/object/public/content/enablers/Konzipieren_und_Umsetzen_von_Softwareanwendungen_par_4_Abs._3_Nr._1/19_Bestehende_Funktionen_Klassen_erweitern/19_Bestehende_Funktionen_Klassen_erweitern.pdf","19_Bestehende Funktionen, Klassen erweitern.pdf"
"Konzipieren und Umsetzen von Softwareanwendungen (§ 4 Abs. 3 Nr. 1)","20_Dateiformate zum Datenaustausch anwenden können und deren Einsatzbereiche kennen","20_Dateiformate zum Datenaustausch anwenden können und deren Einsatzbereiche","https://ngpsgwwlnlliphfgtrya.supabase.co/storage/v1/object/public/content/enablers/Konzipieren_und_Umsetzen_von_Softwareanwendungen_par_4_Abs._3_Nr._1/20_Dateiformate_zum_Datenaustausch_anwenden_koennen_und_deren_Einsatzbereiche_kennen/20_Dateiformate_zum_Datenaustausch_anwenden_koennen_und_deren_Einsatzbereiche.pdf","20_Dateiformate zum Datenaustausch anwenden können und deren Einsatzbereiche.pdf"
"Konzipieren und Umsetzen von Softwareanwendungen (§ 4 Abs. 3 Nr. 1)","21_Möglichkeiten zur Nutzung von Services und Ressourcen eines Servers kennen","21_Möglichkeiten zur Nutzung von Services und Ressourcen eines Servers kennen","https://ngpsgwwlnlliphfgtrya.supabase.co/storage/v1/object/public/content/enablers/Konzipieren_und_Umsetzen_von_Softwareanwendungen_par_4_Abs._3_Nr._1/21_Moeglichkeiten_zur_Nutzung_von_Services_und_Ressourcen_eines_Servers_kennen/21_Moeglichkeiten_zur_Nutzung_von_Services_und_Ressourcen_eines_Servers_kennen.pdf","21_Möglichkeiten zur Nutzung von Services und Ressourcen eines Servers kennen.pdf"
"Konzipieren und Umsetzen von Softwareanwendungen (§ 4 Abs. 3 Nr. 1)","22_Datenbankabfrage, Datenpflege mit SQL erstel- len können Verweis auf Belegsatz","22_Datenbankabfrage, Datenpflege mit SQL erstel- len können Verweis auf Belegs","https://ngpsgwwlnlliphfgtrya.supabase.co/storage/v1/object/public/content/enablers/Konzipieren_und_Umsetzen_von_Softwareanwendungen_par_4_Abs._3_Nr._1/22_Datenbankabfrage_Datenpflege_mit_SQL_erstel-_len_koennen_Verweis_auf_Belegsatz/22_Datenbankabfrage_Datenpflege_mit_SQL_erstel-_len_koennen_Verweis_auf_Belegs.pdf","22_Datenbankabfrage, Datenpflege mit SQL erstel- len können Verweis auf Belegs.pdf"
"Konzipieren von Softwareanwendungen (Vertiefung) (§ 4 Abs. 3 Nr. 1  J2)","01_Lasten-Pflichtenheft erstellen können","01_Lasten-Pflichtenheft erstellen können","https://ngpsgwwlnlliphfgtrya.supabase.co/storage/v1/object/public/content/enablers/Konzipieren_von_Softwareanwendungen_Vertiefung_par_4_Abs._3_Nr._1_J2/01_Lasten-Pflichtenheft_erstellen_koennen/01_Lasten-Pflichtenheft_erstellen_koennen.pdf","01_Lasten-Pflichtenheft erstellen können.pdf"
"Konzipieren von Softwareanwendungen (Vertiefung) (§ 4 Abs. 3 Nr. 1  J2)","02_Vorgehensmodelle unterscheiden können","02_Vorgehensmodelle unterscheiden können","https://ngpsgwwlnlliphfgtrya.supabase.co/storage/v1/object/public/content/enablers/Konzipieren_von_Softwareanwendungen_Vertiefung_par_4_Abs._3_Nr._1_J2/02_Vorgehensmodelle_unterscheiden_koennen/02_Vorgehensmodelle_unterscheiden_koennen.pdf","02_Vorgehensmodelle unterscheiden können.pdf"
"Konzipieren von Softwareanwendungen (Vertiefung) (§ 4 Abs. 3 Nr. 1  J2)","03_Strukturierte Analyse- und Designverfahren anwenden können","03_Strukturierte Analyse- und Designverfahren anwenden können","https://ngpsgwwlnlliphfgtrya.supabase.co/storage/v1/object/public/content/enablers/Konzipieren_von_Softwareanwendungen_Vertiefung_par_4_Abs._3_Nr._1_J2/03_Strukturierte_Analyse-_und_Designverfahren_anwenden_koennen/03_Strukturierte_Analyse-_und_Designverfahren_anwenden_koennen.pdf","03_Strukturierte Analyse- und Designverfahren anwenden können.pdf"
"Konzipieren von Softwareanwendungen (Vertiefung) (§ 4 Abs. 3 Nr. 1  J2)","04_Objektorientierte Analyse- und Designverfahren anwenden können","04_Objektorientierte Analyse- und Designverfahren anwenden können","https://ngpsgwwlnlliphfgtrya.supabase.co/storage/v1/object/public/content/enablers/Konzipieren_von_Softwareanwendungen_Vertiefung_par_4_Abs._3_Nr._1_J2/04_Objektorientierte_Analyse-_und_Designverfahren_anwenden_koennen/04_Objektorientierte_Analyse-_und_Designverfahren_anwenden_koennen.pdf","04_Objektorientierte Analyse- und Designverfahren anwenden können.pdf"
"Konzipieren von Softwareanwendungen (Vertiefung) (§ 4 Abs. 3 Nr. 1  J2)","05_Programmspezifikationen_festlegen,_Datenmodelle","05_Programmspezifikationen_festlegen,_Datenmodelle","https://ngpsgwwlnlliphfgtrya.supabase.co/storage/v1/object/public/content/enablers/Konzipieren_von_Softwareanwendungen_Vertiefung_par_4_Abs._3_Nr._1_J2/05_Programmspezifikationen_festlegen_Datenmodelle/05_Programmspezifikationen_festlegen_Datenmodelle.pdf","05_Programmspezifikationen_festlegen,_Datenmodelle.pdf"
"Konzipieren von Softwareanwendungen (Vertiefung) (§ 4 Abs. 3 Nr. 1  J2)","06_Konzepte von Programmiersprachen","06_Konzepte von Programmiersprachen","https://ngpsgwwlnlliphfgtrya.supabase.co/storage/v1/object/public/content/enablers/Konzipieren_von_Softwareanwendungen_Vertiefung_par_4_Abs._3_Nr._1_J2/06_Konzepte_von_Programmiersprachen/06_Konzepte_von_Programmiersprachen.pdf","06_Konzepte von Programmiersprachen.pdf"
"Konzipieren von Softwareanwendungen (Vertiefung) (§ 4 Abs. 3 Nr. 1  J2)","07_Software-Entwicklungswerkzeuge aufgabenbezogen auswählen und anwenden können","07_Software-Entwicklungswerkzeuge aufgabenbezogen auswählen und anwenden können","https://ngpsgwwlnlliphfgtrya.supabase.co/storage/v1/object/public/content/enablers/Konzipieren_von_Softwareanwendungen_Vertiefung_par_4_Abs._3_Nr._1_J2/07_Software-Entwicklungswerkzeuge_aufgabenbezogen_auswaehlen_und_anwenden_koennen/07_Software-Entwicklungswerkzeuge_aufgabenbezogen_auswaehlen_und_anwenden_koennen.pdf","07_Software-Entwicklungswerkzeuge aufgabenbezogen auswählen und anwenden können.pdf"
"Konzipieren von Softwareanwendungen (Vertiefung) (§ 4 Abs. 3 Nr. 1  J2)","08_Einsatzmöglichkeiten von Programmiersprachen kennen","08_Einsatzmöglichkeiten von Programmiersprachen kennen","https://ngpsgwwlnlliphfgtrya.supabase.co/storage/v1/object/public/content/enablers/Konzipieren_von_Softwareanwendungen_Vertiefung_par_4_Abs._3_Nr._1_J2/08_Einsatzmoeglichkeiten_von_Programmiersprachen_kennen/08_Einsatzmoeglichkeiten_von_Programmiersprachen_kennen.pdf","08_Einsatzmöglichkeiten von Programmiersprachen kennen.pdf"
"Konzipieren von Softwareanwendungen (Vertiefung) (§ 4 Abs. 3 Nr. 1  J2)","09_UML-Diagramme erstellen können","09_UML-Diagramme erstellen können","https://ngpsgwwlnlliphfgtrya.supabase.co/storage/v1/object/public/content/enablers/Konzipieren_von_Softwareanwendungen_Vertiefung_par_4_Abs._3_Nr._1_J2/09_UML-Diagramme_erstellen_koennen/09_UML-Diagramme_erstellen_koennen.pdf","09_UML-Diagramme erstellen können.pdf"
"Konzipieren von Softwareanwendungen (Vertiefung) (§ 4 Abs. 3 Nr. 1  J2)","10_Datenmodelle erstellen können","10_Datenmodelle erstellen können","https://ngpsgwwlnlliphfgtrya.supabase.co/storage/v1/object/public/content/enablers/Konzipieren_von_Softwareanwendungen_Vertiefung_par_4_Abs._3_Nr._1_J2/10_Datenmodelle_erstellen_koennen/10_Datenmodelle_erstellen_koennen.pdf","10_Datenmodelle erstellen können.pdf"
"Konzipieren von Softwareanwendungen (Vertiefung) (§ 4 Abs. 3 Nr. 1  J2)","11_Normalisierung anwenden können (1. bis 3. Normalform)","11_Normalisierung anwenden können (1. bis 3. Normalform)","https://ngpsgwwlnlliphfgtrya.supabase.co/storage/v1/object/public/content/enablers/Konzipieren_von_Softwareanwendungen_Vertiefung_par_4_Abs._3_Nr._1_J2/11_Normalisierung_anwenden_koennen_1._bis_3._Normalform/11_Normalisierung_anwenden_koennen_1._bis_3._Normalform.pdf","11_Normalisierung anwenden können (1. bis 3. Normalform).pdf"
"Konzipieren von Softwareanwendungen (Vertiefung) (§ 4 Abs. 3 Nr. 1  J2)","12_Architektur und Design Pattern anwenden können","12_Architektur und Design Pattern anwenden können","https://ngpsgwwlnlliphfgtrya.supabase.co/storage/v1/object/public/content/enablers/Konzipieren_von_Softwareanwendungen_Vertiefung_par_4_Abs._3_Nr._1_J2/12_Architektur_und_Design_Pattern_anwenden_koennen/12_Architektur_und_Design_Pattern_anwenden_koennen.pdf","12_Architektur und Design Pattern anwenden können.pdf"
"Konzipieren von Softwareanwendungen (Vertiefung) (§ 4 Abs. 3 Nr. 1  J2)","13_Anforderungen an die Softwareergonomie benennen und beurteilen können","13_Anforderungen an die Softwareergonomie benennen und beurteilen können","https://ngpsgwwlnlliphfgtrya.supabase.co/storage/v1/object/public/content/enablers/Konzipieren_von_Softwareanwendungen_Vertiefung_par_4_Abs._3_Nr._1_J2/13_Anforderungen_an_die_Softwareergonomie_benennen_und_beurteilen_koennen/13_Anforderungen_an_die_Softwareergonomie_benennen_und_beurteilen_koennen.pdf","13_Anforderungen an die Softwareergonomie benennen und beurteilen können.pdf"
"Konzipieren von Softwareanwendungen (Vertiefung) (§ 4 Abs. 3 Nr. 1  J2)","14_Benutzeroberfläche gestalten können","14_Benutzeroberfläche gestalten können","https://ngpsgwwlnlliphfgtrya.supabase.co/storage/v1/object/public/content/enablers/Konzipieren_von_Softwareanwendungen_Vertiefung_par_4_Abs._3_Nr._1_J2/14_Benutzeroberflaeche_gestalten_koennen/14_Benutzeroberflaeche_gestalten_koennen.pdf","14_Benutzeroberfläche gestalten können.pdf"
"Konzipieren von Softwareanwendungen (Vertiefung) (§ 4 Abs. 3 Nr. 1  J2)","15_Prototypen (Mockups) erstellen können","15_Prototypen (Mockups) erstellen können","https://ngpsgwwlnlliphfgtrya.supabase.co/storage/v1/object/public/content/enablers/Konzipieren_von_Softwareanwendungen_Vertiefung_par_4_Abs._3_Nr._1_J2/15_Prototypen_Mockups_erstellen_koennen/15_Prototypen_Mockups_erstellen_koennen.pdf","15_Prototypen (Mockups) erstellen können.pdf"
"Konzipieren von Softwareanwendungen (Vertiefung) (§ 4 Abs. 3 Nr. 1  J2)","16_Algorithmen erstellen können","16_Algorithmen erstellen können","https://ngpsgwwlnlliphfgtrya.supabase.co/storage/v1/object/public/content/enablers/Konzipieren_von_Softwareanwendungen_Vertiefung_par_4_Abs._3_Nr._1_J2/16_Algorithmen_erstellen_koennen/16_Algorithmen_erstellen_koennen.pdf","16_Algorithmen erstellen können.pdf"
"Konzipieren von Softwareanwendungen (Vertiefung) (§ 4 Abs. 3 Nr. 1  J2)","17_Objektorientierte Programmiermethodenkonzepte anwenden können","17_Objektorientierte Programmiermethodenkonzepte anwenden können","https://ngpsgwwlnlliphfgtrya.supabase.co/storage/v1/object/public/content/enablers/Konzipieren_von_Softwareanwendungen_Vertiefung_par_4_Abs._3_Nr._1_J2/17_Objektorientierte_Programmiermethodenkonzepte_anwenden_koennen/17_Objektorientierte_Programmiermethodenkonzepte_anwenden_koennen.pdf","17_Objektorientierte Programmiermethodenkonzepte anwenden können.pdf"
"Konzipieren von Softwareanwendungen (Vertiefung) (§ 4 Abs. 3 Nr. 1  J2)","18_Einfache Such- und Sortier-Algorithmen kennen","18_Einfache Such- und Sortier-Algorithmen kennen","https://ngpsgwwlnlliphfgtrya.supabase.co/storage/v1/object/public/content/enablers/Konzipieren_von_Softwareanwendungen_Vertiefung_par_4_Abs._3_Nr._1_J2/18_Einfache_Such-_und_Sortier-Algorithmen_kennen/18_Einfache_Such-_und_Sortier-Algorithmen_kennen.pdf","18_Einfache Such- und Sortier-Algorithmen kennen.pdf"
"Konzipieren von Softwareanwendungen (Vertiefung) (§ 4 Abs. 3 Nr. 1  J2)","19_Bestehende Funktionen, Klassen erweitern","19_Bestehende Funktionen, Klassen erweitern","https://ngpsgwwlnlliphfgtrya.supabase.co/storage/v1/object/public/content/enablers/Konzipieren_von_Softwareanwendungen_Vertiefung_par_4_Abs._3_Nr._1_J2/19_Bestehende_Funktionen_Klassen_erweitern/19_Bestehende_Funktionen_Klassen_erweitern.pdf","19_Bestehende Funktionen, Klassen erweitern.pdf"
"Konzipieren von Softwareanwendungen (Vertiefung) (§ 4 Abs. 3 Nr. 1  J2)","20_Dateiformate zum Datenaustausch anwenden können und deren Einsatzbereiche kennen","20_Dateiformate zum Datenaustausch anwenden können und deren Einsatzbereiche","https://ngpsgwwlnlliphfgtrya.supabase.co/storage/v1/object/public/content/enablers/Konzipieren_von_Softwareanwendungen_Vertiefung_par_4_Abs._3_Nr._1_J2/20_Dateiformate_zum_Datenaustausch_anwenden_koennen_und_deren_Einsatzbereiche_kennen/20_Dateiformate_zum_Datenaustausch_anwenden_koennen_und_deren_Einsatzbereiche.pdf","20_Dateiformate zum Datenaustausch anwenden können und deren Einsatzbereiche.pdf"
"Konzipieren von Softwareanwendungen (Vertiefung) (§ 4 Abs. 3 Nr. 1  J2)","21_Möglichkeiten zur Nutzung von Services und Ressourcen eines Servers kennen","21_Möglichkeiten zur Nutzung von Services und Ressourcen eines Servers kennen","https://ngpsgwwlnlliphfgtrya.supabase.co/storage/v1/object/public/content/enablers/Konzipieren_von_Softwareanwendungen_Vertiefung_par_4_Abs._3_Nr._1_J2/21_Moeglichkeiten_zur_Nutzung_von_Services_und_Ressourcen_eines_Servers_kennen/21_Moeglichkeiten_zur_Nutzung_von_Services_und_Ressourcen_eines_Servers_kennen.pdf","21_Möglichkeiten zur Nutzung von Services und Ressourcen eines Servers kennen.pdf"
"Konzipieren von Softwareanwendungen (Vertiefung) (§ 4 Abs. 3 Nr. 1  J2)","22_Datenbankabfrage, Datenpflege mit SQL erstel- len können Verweis auf Belegsatz","22_Datenbankabfrage, Datenpflege mit SQL erstel- len können Verweis auf Belegs","https://ngpsgwwlnlliphfgtrya.supabase.co/storage/v1/object/public/content/enablers/Konzipieren_von_Softwareanwendungen_Vertiefung_par_4_Abs._3_Nr._1_J2/22_Datenbankabfrage_Datenpflege_mit_SQL_erstel-_len_koennen_Verweis_auf_Belegsatz/22_Datenbankabfrage_Datenpflege_mit_SQL_erstel-_len_koennen_Verweis_auf_Belegs.pdf","22_Datenbankabfrage, Datenpflege mit SQL erstel- len können Verweis auf Belegs.pdf"
"Maßnahmen zur IT-Sicherheit und zum Datenschutz (§ 4 Abs. 2 Nr. 6)","01_Regelungen zur IT-Sicherheit auf Grundschutz","01_Regelungen zur IT-Sicherheit auf Grundschutz","https://ngpsgwwlnlliphfgtrya.supabase.co/storage/v1/object/public/content/enablers/Massnahmen_zur_IT-Sicherheit_und_zum_Datenschutz_par_4_Abs._2_Nr._6/01_Regelungen_zur_IT-Sicherheit_auf_Grundschutz/01_Regelungen_zur_IT-Sicherheit_auf_Grundschutz.pdf","01_Regelungen zur IT-Sicherheit auf Grundschutz.pdf"
"Maßnahmen zur IT-Sicherheit und zum Datenschutz (§ 4 Abs. 2 Nr. 6)","02_Schutzbedarfsanalyse im eigenen Arbeitsbereich aufgrund betrieblicher Vorgaben durchführen","02_Schutzbedarfsanalyse im eigenen Arbeitsbereich aufgrund betriebl","https://ngpsgwwlnlliphfgtrya.supabase.co/storage/v1/object/public/content/enablers/Massnahmen_zur_IT-Sicherheit_und_zum_Datenschutz_par_4_Abs._2_Nr._6/02_Schutzbedarfsanalyse_im_eigenen_Arbeitsbereich_aufgrund_betrieblicher_Vorgaben_durchfuehren/02_Schutzbedarfsanalyse_im_eigenen_Arbeitsbereich_aufgrund_betriebl.pdf","02_Schutzbedarfsanalyse im eigenen Arbeitsbereich aufgrund betriebl.pdf"
"Maßnahmen zur IT-Sicherheit und zum Datenschutz (§ 4 Abs. 2 Nr. 6)","03_Modellierung eines arbeitsplatzbezogenen Sicherheitskonzept nach BSI IT Grundschutz","03_Modellierung eines arbeitsplatzbezogenen Sicherheitskonzept nach BSI IT","https://ngpsgwwlnlliphfgtrya.supabase.co/storage/v1/object/public/content/enablers/Massnahmen_zur_IT-Sicherheit_und_zum_Datenschutz_par_4_Abs._2_Nr._6/03_Modellierung_eines_arbeitsplatzbezogenen_Sicherheitskonzept_nach_BSI_IT_Grundschutz/03_Modellierung_eines_arbeitsplatzbezogenen_Sicherheitskonzept_nach_BSI_IT.pdf","03_Modellierung eines arbeitsplatzbezogenen Sicherheitskonzept nach BSI IT.pdf"
"Maßnahmen zur IT-Sicherheit und zum Datenschutz (§ 4 Abs. 2 Nr. 6)","04_Umsetzung des arbeitsplatzbezogenen Sicherheitskonzeptes unterstützen können","04_Umsetzung des arbeitsplatzbezogenen Sicherheitskonzeptes unterstützen können","https://ngpsgwwlnlliphfgtrya.supabase.co/storage/v1/object/public/content/enablers/Massnahmen_zur_IT-Sicherheit_und_zum_Datenschutz_par_4_Abs._2_Nr._6/04_Umsetzung_des_arbeitsplatzbezogenen_Sicherheitskonzeptes_unterstuetzen_koennen/04_Umsetzung_des_arbeitsplatzbezogenen_Sicherheitskonzeptes_unterstuetzen_koennen.pdf","04_Umsetzung des arbeitsplatzbezogenen Sicherheitskonzeptes unterstützen können.pdf"
"Planen, Vorbereiten und Durchführen von Arbeitsaufgaben (§ 4 Abs. 2 Nr. 1)","01_Merkmale und Methoden des Projektmanagements","01_Merkmale und Methoden des Projektmanagements","https://ngpsgwwlnlliphfgtrya.supabase.co/storage/v1/object/public/content/enablers/Planen_Vorbereiten_und_Durchfuehren_von_Arbeitsaufgaben_par_4_Abs._2_Nr._1/01_Merkmale_und_Methoden_des_Projektmanagements/01_Merkmale_und_Methoden_des_Projektmanagements.pdf","01_Merkmale und Methoden des Projektmanagements.pdf"
"Planen, Vorbereiten und Durchführen von Arbeitsaufgaben (§ 4 Abs. 2 Nr. 1)","02_Machbarkeit und Wirtschaftlichkeit von Pro- jekten beurteilen können","02_Machbarkeit und Wirtschaftlichkeit von Pro- jekten beurteilen können","https://ngpsgwwlnlliphfgtrya.supabase.co/storage/v1/object/public/content/enablers/Planen_Vorbereiten_und_Durchfuehren_von_Arbeitsaufgaben_par_4_Abs._2_Nr._1/02_Machbarkeit_und_Wirtschaftlichkeit_von_Pro-_jekten_beurteilen_koennen/02_Machbarkeit_und_Wirtschaftlichkeit_von_Pro-_jekten_beurteilen_koennen.pdf","02_Machbarkeit und Wirtschaftlichkeit von Pro- jekten beurteilen können.pdf"
"Planen, Vorbereiten und Durchführen von Arbeitsaufgaben (§ 4 Abs. 2 Nr. 1)","03_Arbeitsaufgaben im Rahmen von Geschäfts- und Leistungsprozessen","03_Arbeitsaufgaben im Rahmen von Geschäfts- und Leistungsprozessen","https://ngpsgwwlnlliphfgtrya.supabase.co/storage/v1/object/public/content/enablers/Planen_Vorbereiten_und_Durchfuehren_von_Arbeitsaufgaben_par_4_Abs._2_Nr._1/03_Arbeitsaufgaben_im_Rahmen_von_Geschaefts-_und_Leistungsprozessen/03_Arbeitsaufgaben_im_Rahmen_von_Geschaefts-_und_Leistungsprozessen.pdf","03_Arbeitsaufgaben im Rahmen von Geschäfts- und Leistungsprozessen.pdf"
"Programmieren von Softwarelösungen (Vertiefung) (§ 4 Abs. 2 Nr. 10  J2)","01_Softwareanforderungen erfassen können","01_Softwareanforderungen erfassen können","https://ngpsgwwlnlliphfgtrya.supabase.co/storage/v1/object/public/content/enablers/Programmieren_von_Softwareloesungen_Vertiefung_par_4_Abs._2_Nr._10_J2/01_Softwareanforderungen_erfassen_koennen/01_Softwareanforderungen_erfassen_koennen.pdf","01_Softwareanforderungen erfassen können.pdf"
"Programmieren von Softwarelösungen (Vertiefung) (§ 4 Abs. 2 Nr. 10  J2)","02_Planen mit geeigneten Modellen","02_Planen mit geeigneten Modellen","https://ngpsgwwlnlliphfgtrya.supabase.co/storage/v1/object/public/content/enablers/Programmieren_von_Softwareloesungen_Vertiefung_par_4_Abs._2_Nr._10_J2/02_Planen_mit_geeigneten_Modellen/02_Planen_mit_geeigneten_Modellen.pdf","02_Planen mit geeigneten Modellen.pdf"
"Programmieren von Softwarelösungen (Vertiefung) (§ 4 Abs. 2 Nr. 10  J2)","03_Festlegen von Schnittstellen und vorhandene Schnittstellen nutzen","03_Festlegen von Schnittstellen und vorhandene Schnittstellen nutzen","https://ngpsgwwlnlliphfgtrya.supabase.co/storage/v1/object/public/content/enablers/Programmieren_von_Softwareloesungen_Vertiefung_par_4_Abs._2_Nr._10_J2/03_Festlegen_von_Schnittstellen_und_vorhandene_Schnittstellen_nutzen/03_Festlegen_von_Schnittstellen_und_vorhandene_Schnittstellen_nutzen.pdf","03_Festlegen von Schnittstellen und vorhandene Schnittstellen nutzen.pdf"
"Programmieren von Softwarelösungen (Vertiefung) (§ 4 Abs. 2 Nr. 10  J2)","04_Situationsgerechte Auswahl einer passenden Programmiersprache begründen können","04_Situationsgerechte Auswahl einer passenden Programmiersprache begründen können","https://ngpsgwwlnlliphfgtrya.supabase.co/storage/v1/object/public/content/enablers/Programmieren_von_Softwareloesungen_Vertiefung_par_4_Abs._2_Nr._10_J2/04_Situationsgerechte_Auswahl_einer_passenden_Programmiersprache_begruenden_koennen/04_Situationsgerechte_Auswahl_einer_passenden_Programmiersprache_begruenden_koennen.pdf","04_Situationsgerechte Auswahl einer passenden Programmiersprache begründen können.pdf"
"Programmieren von Softwarelösungen (Vertiefung) (§ 4 Abs. 2 Nr. 10  J2)","05_Algorithmen in einer Programmiersprache darstellen","05_Algorithmen in einer Programmiersprache darstellen","https://ngpsgwwlnlliphfgtrya.supabase.co/storage/v1/object/public/content/enablers/Programmieren_von_Softwareloesungen_Vertiefung_par_4_Abs._2_Nr._10_J2/05_Algorithmen_in_einer_Programmiersprache_darstellen/05_Algorithmen_in_einer_Programmiersprache_darstellen.pdf","05_Algorithmen in einer Programmiersprache darstellen.pdf"
"Programmieren von Softwarelösungen (Vertiefung) (§ 4 Abs. 2 Nr. 10  J2)","06_Cyber-physische Systeme beschreiben und erweitern können","06_Cyber-physische Systeme beschreiben und erweitern können","https://ngpsgwwlnlliphfgtrya.supabase.co/storage/v1/object/public/content/enablers/Programmieren_von_Softwareloesungen_Vertiefung_par_4_Abs._2_Nr._10_J2/06_Cyber-physische_Systeme_beschreiben_und_erweitern_koennen/06_Cyber-physische_Systeme_beschreiben_und_erweitern_koennen.pdf","06_Cyber-physische Systeme beschreiben und erweitern können.pdf"
"Programmieren von Softwarelösungen (Vertiefung) (§ 4 Abs. 2 Nr. 10  J2)","07_Wiederkehrende Systemabläufe mithilfe von Skripten automatisieren und überwachen können","07_Wiederkehrende Systemabläufe mithilfe von Skripten automatisieren und überwache","https://ngpsgwwlnlliphfgtrya.supabase.co/storage/v1/object/public/content/enablers/Programmieren_von_Softwareloesungen_Vertiefung_par_4_Abs._2_Nr._10_J2/07_Wiederkehrende_Systemablaeufe_mithilfe_von_Skripten_automatisieren_und_ueberwachen_koennen/07_Wiederkehrende_Systemablaeufe_mithilfe_von_Skripten_automatisieren_und_ueberwache.pdf","07_Wiederkehrende Systemabläufe mithilfe von Skripten automatisieren und überwache.pdf"
"Programmieren von Softwarelösungen (Vertiefung) (§ 4 Abs. 2 Nr. 10  J2)","08_Qualitätssicherung und Tests","08_Qualitätssicherung und Tests","https://ngpsgwwlnlliphfgtrya.supabase.co/storage/v1/object/public/content/enablers/Programmieren_von_Softwareloesungen_Vertiefung_par_4_Abs._2_Nr._10_J2/08_Qualitaetssicherung_und_Tests/08_Qualitaetssicherung_und_Tests.pdf","08_Qualitätssicherung und Tests.pdf"
"Programmieren von Softwarelösungen (§ 4 Abs. 2 Nr. 10)","01_Softwareanforderungen erfassen können","01_Softwareanforderungen erfassen können","https://ngpsgwwlnlliphfgtrya.supabase.co/storage/v1/object/public/content/enablers/Programmieren_von_Softwareloesungen_par_4_Abs._2_Nr._10/01_Softwareanforderungen_erfassen_koennen/01_Softwareanforderungen_erfassen_koennen.pdf","01_Softwareanforderungen erfassen können.pdf"
"Programmieren von Softwarelösungen (§ 4 Abs. 2 Nr. 10)","02_Planen mit geeigneten Modellen","02_Planen mit geeigneten Modellen","https://ngpsgwwlnlliphfgtrya.supabase.co/storage/v1/object/public/content/enablers/Programmieren_von_Softwareloesungen_par_4_Abs._2_Nr._10/02_Planen_mit_geeigneten_Modellen/02_Planen_mit_geeigneten_Modellen.pdf","02_Planen mit geeigneten Modellen.pdf"
"Programmieren von Softwarelösungen (§ 4 Abs. 2 Nr. 10)","03_Festlegen von Schnittstellen und vorhandene Schnittstellen nutzen","03_Festlegen von Schnittstellen und vorhandene Schnittstellen nutzen","https://ngpsgwwlnlliphfgtrya.supabase.co/storage/v1/object/public/content/enablers/Programmieren_von_Softwareloesungen_par_4_Abs._2_Nr._10/03_Festlegen_von_Schnittstellen_und_vorhandene_Schnittstellen_nutzen/03_Festlegen_von_Schnittstellen_und_vorhandene_Schnittstellen_nutzen.pdf","03_Festlegen von Schnittstellen und vorhandene Schnittstellen nutzen.pdf"
"Programmieren von Softwarelösungen (§ 4 Abs. 2 Nr. 10)","04_Situationsgerechte Auswahl einer passenden Programmiersprache begründen können","04_Situationsgerechte Auswahl einer passenden Programmiersprache begründen können","https://ngpsgwwlnlliphfgtrya.supabase.co/storage/v1/object/public/content/enablers/Programmieren_von_Softwareloesungen_par_4_Abs._2_Nr._10/04_Situationsgerechte_Auswahl_einer_passenden_Programmiersprache_begruenden_koennen/04_Situationsgerechte_Auswahl_einer_passenden_Programmiersprache_begruenden_koennen.pdf","04_Situationsgerechte Auswahl einer passenden Programmiersprache begründen können.pdf"
"Programmieren von Softwarelösungen (§ 4 Abs. 2 Nr. 10)","05_Algorithmen in einer Programmiersprache darstellen","05_Algorithmen in einer Programmiersprache darstellen","https://ngpsgwwlnlliphfgtrya.supabase.co/storage/v1/object/public/content/enablers/Programmieren_von_Softwareloesungen_par_4_Abs._2_Nr._10/05_Algorithmen_in_einer_Programmiersprache_darstellen/05_Algorithmen_in_einer_Programmiersprache_darstellen.pdf","05_Algorithmen in einer Programmiersprache darstellen.pdf"
"Programmieren von Softwarelösungen (§ 4 Abs. 2 Nr. 10)","06_Cyber-physische Systeme beschreiben und erweitern können","06_Cyber-physische Systeme beschreiben und erweitern können","https://ngpsgwwlnlliphfgtrya.supabase.co/storage/v1/object/public/content/enablers/Programmieren_von_Softwareloesungen_par_4_Abs._2_Nr._10/06_Cyber-physische_Systeme_beschreiben_und_erweitern_koennen/06_Cyber-physische_Systeme_beschreiben_und_erweitern_koennen.pdf","06_Cyber-physische Systeme beschreiben und erweitern können.pdf"
"Programmieren von Softwarelösungen (§ 4 Abs. 2 Nr. 10)","07_Wiederkehrende Systemabläufe mithilfe von Skripten automatisieren und überwachen können","07_Wiederkehrende Systemabläufe mithilfe von Skripten automatisieren und überwache","https://ngpsgwwlnlliphfgtrya.supabase.co/storage/v1/object/public/content/enablers/Programmieren_von_Softwareloesungen_par_4_Abs._2_Nr._10/07_Wiederkehrende_Systemablaeufe_mithilfe_von_Skripten_automatisieren_und_ueberwachen_koennen/07_Wiederkehrende_Systemablaeufe_mithilfe_von_Skripten_automatisieren_und_ueberwache.pdf","07_Wiederkehrende Systemabläufe mithilfe von Skripten automatisieren und überwache.pdf"
"Programmieren von Softwarelösungen (§ 4 Abs. 2 Nr. 10)","08_Qualitätssicherung und Tests","08_Qualitätssicherung und Tests","https://ngpsgwwlnlliphfgtrya.supabase.co/storage/v1/object/public/content/enablers/Programmieren_von_Softwareloesungen_par_4_Abs._2_Nr._10/08_Qualitaetssicherung_und_Tests/08_Qualitaetssicherung_und_Tests.pdf","08_Qualitätssicherung und Tests.pdf"
"Sicherheit und Gesundheitsschutz bei der Arbeit (§ 4 Abs. 7 Nr. 3)","01_Gesundheits- und Arbeitsschutzvorschriften","01_Gesundheits- und Arbeitsschutzvorschriften","https://ngpsgwwlnlliphfgtrya.supabase.co/storage/v1/object/public/content/enablers/Sicherheit_und_Gesundheitsschutz_bei_der_Arbeit_par_4_Abs._7_Nr._3/01_Gesundheits-_und_Arbeitsschutzvorschriften/01_Gesundheits-_und_Arbeitsschutzvorschriften.pdf","01_Gesundheits- und Arbeitsschutzvorschriften.pdf"
"Sicherheit und Gesundheitsschutz bei der Arbeit (§ 4 Abs. 7 Nr. 3)","02_Gefährdungen und Beanspruchungen wahrnehmen und einschätzen","02_Gefährdungen und Beanspruchungen wahrnehmen und einschätzen","https://ngpsgwwlnlliphfgtrya.supabase.co/storage/v1/object/public/content/enablers/Sicherheit_und_Gesundheitsschutz_bei_der_Arbeit_par_4_Abs._7_Nr._3/02_Gefaehrdungen_und_Beanspruchungen_wahrnehmen_und_einschaetzen/02_Gefaehrdungen_und_Beanspruchungen_wahrnehmen_und_einschaetzen.pdf","02_Gefährdungen und Beanspruchungen wahrnehmen und einschätzen.pdf"
"Sicherheit und Gesundheitsschutz bei der Arbeit (§ 4 Abs. 7 Nr. 3)","03_Vorsorgeuntersuchungen","03_Vorsorgeuntersuchungen","https://ngpsgwwlnlliphfgtrya.supabase.co/storage/v1/object/public/content/enablers/Sicherheit_und_Gesundheitsschutz_bei_der_Arbeit_par_4_Abs._7_Nr._3/03_Vorsorgeuntersuchungen/03_Vorsorgeuntersuchungen.pdf","03_Vorsorgeuntersuchungen.pdf"
"Sicherheit und Gesundheitsschutz bei der Arbeit (§ 4 Abs. 7 Nr. 3)","04_Aufgaben der Sicherheitsbeauftragten","04_Aufgaben der Sicherheitsbeauftragten","https://ngpsgwwlnlliphfgtrya.supabase.co/storage/v1/object/public/content/enablers/Sicherheit_und_Gesundheitsschutz_bei_der_Arbeit_par_4_Abs._7_Nr._3/04_Aufgaben_der_Sicherheitsbeauftragten/04_Aufgaben_der_Sicherheitsbeauftragten.pdf","04_Aufgaben der Sicherheitsbeauftragten.pdf"
"Sicherheit und Gesundheitsschutz bei der Arbeit (§ 4 Abs. 7 Nr. 3)","05_Vorschriften im betrieblichen und persönlichen Arbeitsablauf","05_Vorschriften im betrieblichen und persönlichen Arbeitsablauf","https://ngpsgwwlnlliphfgtrya.supabase.co/storage/v1/object/public/content/enablers/Sicherheit_und_Gesundheitsschutz_bei_der_Arbeit_par_4_Abs._7_Nr._3/05_Vorschriften_im_betrieblichen_und_persoenlichen_Arbeitsablauf/05_Vorschriften_im_betrieblichen_und_persoenlichen_Arbeitsablauf.pdf","05_Vorschriften im betrieblichen und persönlichen Arbeitsablauf.pdf"
"Sicherheit und Gesundheitsschutz bei der Arbeit (§ 4 Abs. 7 Nr. 3)","06_Verhaltensweisen bei Unfällen","06_Verhaltensweisen bei Unfällen","https://ngpsgwwlnlliphfgtrya.supabase.co/storage/v1/object/public/content/enablers/Sicherheit_und_Gesundheitsschutz_bei_der_Arbeit_par_4_Abs._7_Nr._3/06_Verhaltensweisen_bei_Unfaellen/06_Verhaltensweisen_bei_Unfaellen.pdf","06_Verhaltensweisen bei Unfällen.pdf"
"Sicherheit und Gesundheitsschutz bei der Arbeit (§ 4 Abs. 7 Nr. 3)","07_Verhaltensweisen im Brandfall sowie vorbeugender Brandschutz","07_Verhaltensweisen im Brandfall sowie vorbeugender Brandschutz","https://ngpsgwwlnlliphfgtrya.supabase.co/storage/v1/object/public/content/enablers/Sicherheit_und_Gesundheitsschutz_bei_der_Arbeit_par_4_Abs._7_Nr._3/07_Verhaltensweisen_im_Brandfall_sowie_vorbeugender_Brandschutz/07_Verhaltensweisen_im_Brandfall_sowie_vorbeugender_Brandschutz.pdf","07_Verhaltensweisen im Brandfall sowie vorbeugender Brandschutz.pdf"
"Sicherheit und Gesundheitsschutz bei der Arbeit (§ 4 Abs. 7 Nr. 3)","08_Grundlagen der IT-Sicherheit kennen und umsetzen","08_Grundlagen der IT-Sicherheit kennen und umsetzen","https://ngpsgwwlnlliphfgtrya.supabase.co/storage/v1/object/public/content/enablers/Sicherheit_und_Gesundheitsschutz_bei_der_Arbeit_par_4_Abs._7_Nr._3/08_Grundlagen_der_IT-Sicherheit_kennen_und_umsetzen/08_Grundlagen_der_IT-Sicherheit_kennen_und_umsetzen.pdf","08_Grundlagen der IT-Sicherheit kennen und umsetzen.pdf"
"Sicherstellen der Qualität von Softwareanwendungen (§ 4 Abs. 3 Nr. 2)","01_Anwendungen unter Berücksichtigung von Datenschutz und Datensicherheit erstellen können","01_Anwendungen unter Berücksichtigung von Datenschutz und Datensich","https://ngpsgwwlnlliphfgtrya.supabase.co/storage/v1/object/public/content/enablers/Sicherstellen_der_Qualitaet_von_Softwareanwendungen_par_4_Abs._3_Nr._2/01_Anwendungen_unter_Beruecksichtigung_von_Datenschutz_und_Datensicherheit_erstellen_koennen/01_Anwendungen_unter_Beruecksichtigung_von_Datenschutz_und_Datensich.pdf","01_Anwendungen unter Berücksichtigung von Datenschutz und Datensich.pdf"
"Sicherstellen der Qualität von Softwareanwendungen (§ 4 Abs. 3 Nr. 2)","02_Datenintegrität mithilfe von technischen Maßnahmen beurteilen und sicherstellen können","02_Datenintegrität mithilfe von technischen Maßnahmen beurteilen und","https://ngpsgwwlnlliphfgtrya.supabase.co/storage/v1/object/public/content/enablers/Sicherstellen_der_Qualitaet_von_Softwareanwendungen_par_4_Abs._3_Nr._2/02_Datenintegritaet_mithilfe_von_technischen_Massnahmen_beurteilen_und_sicherstellen_koennen/02_Datenintegritaet_mithilfe_von_technischen_Massnahmen_beurteilen_und.pdf","02_Datenintegrität mithilfe von technischen Maßnahmen beurteilen und.pdf"
"Sicherstellen der Qualität von Softwareanwendungen (§ 4 Abs. 3 Nr. 2)","03_Softwaretests erstellen, durchführen und die Ergebnisse analysieren können","03_Softwaretests erstellen, durchführen und die Ergebnisse analysieren können","https://ngpsgwwlnlliphfgtrya.supabase.co/storage/v1/object/public/content/enablers/Sicherstellen_der_Qualitaet_von_Softwareanwendungen_par_4_Abs._3_Nr._2/03_Softwaretests_erstellen_durchfuehren_und_die_Ergebnisse_analysieren_koennen/03_Softwaretests_erstellen_durchfuehren_und_die_Ergebnisse_analysieren_koennen.pdf","03_Softwaretests erstellen, durchführen und die Ergebnisse analysieren können.pdf"
"Sicherstellen der Qualität von Softwareanwendungen (§ 4 Abs. 3 Nr. 2)","04_Grundfunktionalitäten einer Versionsverwaltung in ihrem Einsatz beschreiben und anwenden können","04_Grundfunktionalitäten einer Versionsverwaltung in ihrem","https://ngpsgwwlnlliphfgtrya.supabase.co/storage/v1/object/public/content/enablers/Sicherstellen_der_Qualitaet_von_Softwareanwendungen_par_4_Abs._3_Nr._2/04_Grundfunktionalitaeten_einer_Versionsverwaltung_in_ihrem_Einsatz_beschreiben_und_anwenden_koennen/04_Grundfunktionalitaeten_einer_Versionsverwaltung_in_ihrem.pdf","04_Grundfunktionalitäten einer Versionsverwaltung in ihrem.pdf"
"Umweltschutz (§ 4 Abs. 7 Nr. 4)","01_Umweltbelastungen wahrnehmen und vermeiden helfen","01_Umweltbelastungen wahrnehmen und vermeiden helfen","https://ngpsgwwlnlliphfgtrya.supabase.co/storage/v1/object/public/content/enablers/Umweltschutz_par_4_Abs._7_Nr._4/01_Umweltbelastungen_wahrnehmen_und_vermeiden_helfen/01_Umweltbelastungen_wahrnehmen_und_vermeiden_helfen.pdf","01_Umweltbelastungen wahrnehmen und vermeiden helfen.pdf"
"Umweltschutz (§ 4 Abs. 7 Nr. 4)","02_Umgang mit Abfällen","02_Umgang mit Abfällen","https://ngpsgwwlnlliphfgtrya.supabase.co/storage/v1/object/public/content/enablers/Umweltschutz_par_4_Abs._7_Nr._4/02_Umgang_mit_Abfaellen/02_Umgang_mit_Abfaellen.pdf","02_Umgang mit Abfällen.pdf"
"Umweltschutz (§ 4 Abs. 7 Nr. 4)","03_Öffentliche Systeme und Verordnungen, Gesetze","03_Öffentliche Systeme und Verordnungen, Gesetze","https://ngpsgwwlnlliphfgtrya.supabase.co/storage/v1/object/public/content/enablers/Umweltschutz_par_4_Abs._7_Nr._4/03_oeffentliche_Systeme_und_Verordnungen_Gesetze/03_oeffentliche_Systeme_und_Verordnungen_Gesetze.pdf","03_Öffentliche Systeme und Verordnungen, Gesetze.pdf"
"Umweltschutz (§ 4 Abs. 7 Nr. 4)","04_ Externe Auswirkungen","04_ Externe Auswirkungen","https://ngpsgwwlnlliphfgtrya.supabase.co/storage/v1/object/public/content/enablers/Umweltschutz_par_4_Abs._7_Nr._4/04__Externe_Auswirkungen/04__Externe_Auswirkungen.pdf","04_ Externe Auswirkungen.pdf"
"Umweltschutz (§ 4 Abs. 7 Nr. 4)","05_Umweltschonende Ressourcennutzung","05_Umweltschonende Ressourcennutzung","https://ngpsgwwlnlliphfgtrya.supabase.co/storage/v1/object/public/content/enablers/Umweltschutz_par_4_Abs._7_Nr._4/05_Umweltschonende_Ressourcennutzung/05_Umweltschonende_Ressourcennutzung.pdf","05_Umweltschonende Ressourcennutzung.pdf"
"Umweltschutz (§ 4 Abs. 7 Nr. 4)","06_Abfallvermeidung und -reduzierung","06_Abfallvermeidung und -reduzierung","https://ngpsgwwlnlliphfgtrya.supabase.co/storage/v1/object/public/content/enablers/Umweltschutz_par_4_Abs._7_Nr._4/06_Abfallvermeidung_und_-reduzierung/06_Abfallvermeidung_und_-reduzierung.pdf","06_Abfallvermeidung und -reduzierung.pdf"
"Umweltschutz (§ 4 Abs. 7 Nr. 4)","07_Rechtsfolgen bei Nichteinhaltung","07_Rechtsfolgen bei Nichteinhaltung","https://ngpsgwwlnlliphfgtrya.supabase.co/storage/v1/object/public/content/enablers/Umweltschutz_par_4_Abs._7_Nr._4/07_Rechtsfolgen_bei_Nichteinhaltung/07_Rechtsfolgen_bei_Nichteinhaltung.pdf","07_Rechtsfolgen bei Nichteinhaltung.pdf"
"Vernetztes Zusammenarbeiten (§ 4 Abs. 7 Nr. 5)","01_Wertschätzende Zusammenarbeit","01_Wertschätzende Zusammenarbeit","https://ngpsgwwlnlliphfgtrya.supabase.co/storage/v1/object/public/content/enablers/Vernetztes_Zusammenarbeiten_par_4_Abs._7_Nr._5/01_Wertschaetzende_Zusammenarbeit/01_Wertschaetzende_Zusammenarbeit.pdf","01_Wertschätzende Zusammenarbeit.pdf"
"Vernetztes Zusammenarbeiten (§ 4 Abs. 7 Nr. 5)","02_Informationstechnische Schutzziele bei der Kommunikation kennen und umsetzen","02_Informationstechnische Schutzziele bei der Kommunikation kennen und umsetzen","https://ngpsgwwlnlliphfgtrya.supabase.co/storage/v1/object/public/content/enablers/Vernetztes_Zusammenarbeiten_par_4_Abs._7_Nr._5/02_Informationstechnische_Schutzziele_bei_der_Kommunikation_kennen_und_umsetzen/02_Informationstechnische_Schutzziele_bei_der_Kommunikation_kennen_und_umsetzen.pdf","02_Informationstechnische Schutzziele bei der Kommunikation kennen und umsetzen.pdf"
"Vernetztes Zusammenarbeiten (§ 4 Abs. 7 Nr. 5)","03_Ethische Aspekte und Compliance-Regelungen","03_Ethische Aspekte und Compliance-Regelungen","https://ngpsgwwlnlliphfgtrya.supabase.co/storage/v1/object/public/content/enablers/Vernetztes_Zusammenarbeiten_par_4_Abs._7_Nr._5/03_Ethische_Aspekte_und_Compliance-Regelungen/03_Ethische_Aspekte_und_Compliance-Regelungen.pdf","03_Ethische Aspekte und Compliance-Regelungen.pdf"