017e113a-51ba-424c-b038-b80a2e8336af,4f0e8bb8-20cd-439f-b55d-24adfa81a64a,LOW
017e113a-51ba-424c-b038-b80a2e8336af,84e4913b-085f-4332-8765-c63e74ecb71c,MEDIUM
017e113a-51ba-424c-b038-b80a2e8336af,5be4b6c1-d119-41b8-a146-7993ae577dad,HIGH
02609dfd-6593-4d0a-a10b-7ffadab87c37,bb3f6ed6-6459-42f2-b1fe-03ba7b695f98,LOW
02609dfd-6593-4d0a-a10b-7ffadab87c37,b443ff8d-9713-4bd4-95a1-389123c0a454,MEDIUM
02609dfd-6593-4d0a-a10b-7ffadab87c37,c21e6690-ce41-499e-946c-1500716bb1ea,HIGH
03001a0d-3f6c-4e36-9346-ee2ee8e1da71,1719d1e5-16f7-4732-9c2f-eaef515ca366,LOW
03001a0d-3f6c-4e36-9346-ee2ee8e1da71,ad8fb898-6029-4d19-b20b-46157c275109,MEDIUM
03001a0d-3f6c-4e36-9346-ee2ee8e1da71,858286c7-cc78-4bfc-816f-0cb1bf8f14e2,HIGH
0322e6ee-d1b5-41f3-ae8a-1cc8ea7278ce,418cd119-70b8-42c9-bc54-0e55914efff0,LOW
0322e6ee-d1b5-41f3-ae8a-1cc8ea7278ce,6df8dccb-5beb-45d2-9f94-cd57b07a5615,MEDIUM
0322e6ee-d1b5-41f3-ae8a-1cc8ea7278ce,b69fe2d6-193d-4d26-9975-7af24b9a55d3,HIGH
04b4d3fe-0aed-4c02-8c7e-f3fd65f430f6,f7a8adb6-f4f5-4ca7-8096-729c64ad3075,LOW
04b4d3fe-0aed-4c02-8c7e-f3fd65f430f6,bb22bde4-461d-42aa-86b1-46e3ec7287fc,MEDIUM
04b4d3fe-0aed-4c02-8c7e-f3fd65f430f6,3cc98caf-67bf-4013-88e0-fecc000777cc,HIGH
05e376e3-c1d1-4b63-935a-5411e4b98d8e,ca895be2-399f-4cd1-9129-11a10abdf19b,LOW
05e376e3-c1d1-4b63-935a-5411e4b98d8e,acb399d1-67c1-4c11-9c88-b7350d9eb6d7,MEDIUM
05e376e3-c1d1-4b63-935a-5411e4b98d8e,5fd3be1b-8162-41d6-aa06-30603dfbbde4,HIGH
07fd1014-3534-4a7c-a6b1-b71c200cc860,668c9653-37c8-4995-9371-fce975d51c74,LOW
07fd1014-3534-4a7c-a6b1-b71c200cc860,8bf1590b-8595-4900-91c8-6c2d6e8c8ba3,MEDIUM
07fd1014-3534-4a7c-a6b1-b71c200cc860,6c766430-fe9c-42c8-bf0d-60ae3e831e14,HIGH
0824b63d-8934-4206-9a6a-1d1dff3c1fb0,b6e07729-125e-404e-8678-a7735cd23b58,LOW
0824b63d-8934-4206-9a6a-1d1dff3c1fb0,131c9483-e5fd-4b9e-9493-c6ccf67cd4bc,MEDIUM
0824b63d-8934-4206-9a6a-1d1dff3c1fb0,639317d2-a884-4ba3-887e-08b429daba27,HIGH
08d4e321-b43c-42e1-8481-d6d236af6a23,768b93ed-c71c-4b24-a5b1-38b012a0a30c,LOW
08d4e321-b43c-42e1-8481-d6d236af6a23,fdd20169-6a89-4626-9db8-d1a6a3ae5447,MEDIUM
08d4e321-b43c-42e1-8481-d6d236af6a23,b8af3a8f-7803-4ff5-824b-d62281837aaf,HIGH
09fd2884-a059-4807-930f-2b609163be1f,1a1661f5-b05f-4319-92a2-ede750cb56bb,LOW
09fd2884-a059-4807-930f-2b609163be1f,b0d89085-deac-4baf-93fb-08c6cfd1106f,MEDIUM
09fd2884-a059-4807-930f-2b609163be1f,3542214c-0274-4c3a-91d8-1fab60954be1,HIGH
0cac9dbf-f90a-4fe8-b0ea-8014c16e6a4b,a0542835-681d-412d-aba0-49c9d8d78f61,LOW
0cac9dbf-f90a-4fe8-b0ea-8014c16e6a4b,d0673dea-646d-44d3-b85f-5a7afeafdb55,MEDIUM
0cac9dbf-f90a-4fe8-b0ea-8014c16e6a4b,cef8afa6-d797-4c1e-845a-9af40f1b3547,HIGH
0d40beec-8f58-4f1a-bc06-b6ea5151883a,0baf5664-5a02-418b-a84d-a088e9b937a5,LOW
0d40beec-8f58-4f1a-bc06-b6ea5151883a,baffacae-3f22-4c18-9256-41483c2a9a93,MEDIUM
0d40beec-8f58-4f1a-bc06-b6ea5151883a,332913e9-25ca-4fb4-963b-90dec8955ef2,HIGH
0e835d82-055d-4446-b4d3-787b33518a98,273ff6e1-3d8e-4a5e-899d-f39927df90b6,LOW
0e835d82-055d-4446-b4d3-787b33518a98,e0a3665b-ca17-41d5-991c-8456f44fd680,MEDIUM
0e835d82-055d-4446-b4d3-787b33518a98,8fd1948e-8cf9-4ec2-b0d8-f72c02f198d2,HIGH
0ee614a2-6699-4648-a561-f07a0d7174a0,204af7a3-b4f9-4329-8611-95a59594166c,LOW
0ee614a2-6699-4648-a561-f07a0d7174a0,3f7af7d8-0ef2-458b-acb1-b481c629a962,MEDIUM
0ee614a2-6699-4648-a561-f07a0d7174a0,c6fd640f-ff59-4099-9c21-971783ae7f39,HIGH
101ead6c-6888-438b-b51c-d078ce22edc4,5661ce5b-c180-467d-86f3-490280607774,LOW
101ead6c-6888-438b-b51c-d078ce22edc4,b76ab961-74ba-4cf5-b980-6be3b0a296a8,MEDIUM
101ead6c-6888-438b-b51c-d078ce22edc4,8d489a43-2da6-4959-8339-a48c0041c55b,HIGH
106d778c-4d61-407e-a09c-229d353e1853,29c1fe73-fa00-4191-b213-62eb1b340b02,LOW
106d778c-4d61-407e-a09c-229d353e1853,2822fe29-3f38-4d34-bc89-6cea392e1c78,MEDIUM
106d778c-4d61-407e-a09c-229d353e1853,a80e6018-14ec-4ddf-bad9-02b5226753d3,HIGH
10d2e4f6-39d0-445e-88bf-948765e3adbd,5598007b-db34-40b6-abf2-c8c6f80f5c6c,LOW
10d2e4f6-39d0-445e-88bf-948765e3adbd,18c9225f-c7ac-441b-b015-f398d64f0edf,HIGH
11a56edc-5fa9-43a0-81af-50753cea556a,0faa93a2-666d-4b66-a9ca-acece8f5e9ee,LOW
11a56edc-5fa9-43a0-81af-50753cea556a,94d2a8a5-8be9-47c0-ae4c-3e0094dc5f4d,MEDIUM
11a56edc-5fa9-43a0-81af-50753cea556a,001852b5-e125-47df-968d-5f2a2a31af85,HIGH
15d2eadb-077a-4a1f-a6f8-2664d1857d08,70f3e278-45fa-4d50-b868-02de0f1665be,LOW
15d2eadb-077a-4a1f-a6f8-2664d1857d08,0e4ebb12-5653-4285-b9fa-6187fddcb0e2,MEDIUM
15d2eadb-077a-4a1f-a6f8-2664d1857d08,6de48eaf-238e-4815-a724-1e5c5ba80cc9,HIGH
169ad146-bd8a-4a16-96c0-3fd66337f32f,75853594-d06e-47af-b5a6-3723127de4e2,LOW
169ad146-bd8a-4a16-96c0-3fd66337f32f,67dcfc1c-486e-4e6e-8693-93896641910c,MEDIUM
169ad146-bd8a-4a16-96c0-3fd66337f32f,0b781015-fc66-4e01-8869-39bf7604326b,HIGH
182b8b54-3f60-46f7-9f87-e99a2d48de37,5d2047e0-e2ce-4c81-b2a2-090dbe7324e3,LOW
182b8b54-3f60-46f7-9f87-e99a2d48de37,9fa688b5-0cdc-431e-a24c-8d2130b1709c,MEDIUM
182b8b54-3f60-46f7-9f87-e99a2d48de37,49807799-0c30-4138-bfa5-a804bc213e3b,HIGH
188d711d-2e83-4555-85c7-f805ad3fd52a,5d2047e0-e2ce-4c81-b2a2-090dbe7324e3,LOW
188d711d-2e83-4555-85c7-f805ad3fd52a,9fa688b5-0cdc-431e-a24c-8d2130b1709c,MEDIUM
188d711d-2e83-4555-85c7-f805ad3fd52a,49807799-0c30-4138-bfa5-a804bc213e3b,HIGH
18933d9c-330b-4e98-8e21-9d5590611b6f,d02c559b-aa37-4cf9-96a8-5713dde53a06,LOW
18933d9c-330b-4e98-8e21-9d5590611b6f,0b025ad9-67f0-4672-9ce6-6e5948adcd05,MEDIUM
18933d9c-330b-4e98-8e21-9d5590611b6f,0f1f214c-bcb7-4825-94f9-7f1413c21210,HIGH
18a4dfa0-0b1e-4bd9-a16f-8aea7cf248bf,53c8cdda-cbe2-414e-af2f-5d12d8f9ffa7,LOW
18a4dfa0-0b1e-4bd9-a16f-8aea7cf248bf,2d0479b0-620b-4115-aa1f-e7dcaea67fbd,MEDIUM
18a4dfa0-0b1e-4bd9-a16f-8aea7cf248bf,f47244f3-de17-4295-8e6f-05caa9b09b2e,HIGH
19e64e9f-c447-4240-8f87-32c78dcc526f,7eeb3f70-036a-4386-93af-810b55f4e18b,LOW
19e64e9f-c447-4240-8f87-32c78dcc526f,c7752a81-9a8c-48e2-89d2-743294b8f874,MEDIUM
19e64e9f-c447-4240-8f87-32c78dcc526f,9d339050-2615-4116-bd4d-56a24e0e5d4f,HIGH
1ac2460a-6955-4bde-bc11-4e5f404f1a48,b8a60691-1bd4-4036-982d-db2bdaba6217,LOW
1ac2460a-6955-4bde-bc11-4e5f404f1a48,2379d2ce-9d9e-4444-98e9-5604da0a493c,MEDIUM
1ac2460a-6955-4bde-bc11-4e5f404f1a48,81069903-4833-491e-ba7f-80f3d72552ef,HIGH
1b6ae08e-627e-4261-8de7-dac4166d78f1,bb399db4-e87d-42a4-aa62-81c843df170e,LOW
1b6ae08e-627e-4261-8de7-dac4166d78f1,3023d255-ecea-4fdc-ba0d-dea94ae556c8,MEDIUM
1b6ae08e-627e-4261-8de7-dac4166d78f1,00fd169a-9fd0-4aa5-b3b6-d59499b9cee4,HIGH
1c3424d4-d2df-478d-8244-83db55c2fa87,13246300-0a4e-48d3-8303-25da1bb79817,LOW
1c3424d4-d2df-478d-8244-83db55c2fa87,f6f05891-72d5-4b29-bc30-601dfbc6355d,MEDIUM
1c3424d4-d2df-478d-8244-83db55c2fa87,cf9724a2-4d4e-4ca9-8d02-fba7a7d36707,HIGH
1e36a2bc-b7dd-40a6-bb2a-e3ec41c9ef8c,c302173f-48bf-4ec1-a07f-f06e50ae2b03,LOW
1e36a2bc-b7dd-40a6-bb2a-e3ec41c9ef8c,c4159d01-0a1e-46d7-bafb-c80976a644e2,MEDIUM
1e36a2bc-b7dd-40a6-bb2a-e3ec41c9ef8c,ff2c6093-2877-4cb0-bf8e-403a90feb874,HIGH
1f455c31-3cb0-471c-810a-af63cb3933d8,b23f5ade-1b92-43e0-b57c-5df579b1b615,LOW
1f455c31-3cb0-471c-810a-af63cb3933d8,bc01a821-51a9-4b06-b474-f22721743008,MEDIUM
1f455c31-3cb0-471c-810a-af63cb3933d8,26b12cee-b98d-49d2-b993-c122749d54de,HIGH
207fbf0f-e4e1-445d-bb7d-5134a3d47154,a0e91061-8f84-433b-9476-38fddc7d7c96,LOW
207fbf0f-e4e1-445d-bb7d-5134a3d47154,5a2790a0-d765-4bf3-b3dc-ec499d556671,MEDIUM
207fbf0f-e4e1-445d-bb7d-5134a3d47154,bd3a7ef0-c226-4edc-b988-a7d2f7b0515c,HIGH
21404a1b-280b-42c4-9ac9-df67985b6ced,d5784f28-73a4-46ff-8732-f669d4af016a,LOW
21404a1b-280b-42c4-9ac9-df67985b6ced,fb2986fc-e134-484d-b1d7-46542e8408f3,MEDIUM
21404a1b-280b-42c4-9ac9-df67985b6ced,332c8116-2978-4158-ac0c-ccf56afacf33,HIGH
21450e5e-31fd-4897-b465-8e44bb7ae64b,b8a60691-1bd4-4036-982d-db2bdaba6217,LOW
21450e5e-31fd-4897-b465-8e44bb7ae64b,2379d2ce-9d9e-4444-98e9-5604da0a493c,MEDIUM
21450e5e-31fd-4897-b465-8e44bb7ae64b,81069903-4833-491e-ba7f-80f3d72552ef,HIGH
21aa7b1a-5364-40a7-92a7-7bb788421f86,e4d6f15b-1e0f-41f7-bac1-544beca94102,LOW
21aa7b1a-5364-40a7-92a7-7bb788421f86,8fd14ca1-d034-440e-b7e3-450177ccbeef,MEDIUM
21aa7b1a-5364-40a7-92a7-7bb788421f86,428d2e22-85aa-4f7a-9b94-f59906a1e348,HIGH
22ad1f35-5fb7-4b29-8d2e-967908f10894,58b94a81-c515-4559-ae42-4f2c316e6800,LOW
22ad1f35-5fb7-4b29-8d2e-967908f10894,c7da7792-aff4-442a-a9f4-c66e4aca25cb,MEDIUM
22ad1f35-5fb7-4b29-8d2e-967908f10894,130d63bd-cee3-4ec2-9e25-5c3f85f090ca,HIGH
23294f5d-f9bd-4fbd-bb59-2b3783c09198,d27f2c74-53f6-45e0-892b-7778dc5ecd2e,LOW
23294f5d-f9bd-4fbd-bb59-2b3783c09198,7736113f-4d83-4ea7-8f99-e4c90e9191e9,MEDIUM
23294f5d-f9bd-4fbd-bb59-2b3783c09198,9ac711db-43a6-4b5a-b871-d00ea8b33f39,HIGH
243e53bf-5292-45db-b415-08ee54dc14e3,93f85c86-dcb8-461c-86b7-e9fd797f049f,LOW
243e53bf-5292-45db-b415-08ee54dc14e3,6d80fa62-b171-41f3-9cc7-5bcfcb0c7b78,MEDIUM
243e53bf-5292-45db-b415-08ee54dc14e3,cddd9a2e-1668-4a9e-a92b-14ed1bc4b745,HIGH
24b59535-f351-4b6a-b3d2-796e91e0c7b8,f134fafa-31c3-4ef1-bc8e-1be1192d6c0f,LOW
24b59535-f351-4b6a-b3d2-796e91e0c7b8,48312f68-9c1d-42d4-8c31-13943e44e16f,MEDIUM
24b59535-f351-4b6a-b3d2-796e91e0c7b8,595a8ca0-f1b1-4370-b400-ca69cbfc7518,HIGH
25e26461-da36-4e4d-a4dd-9a0cfc33b8ef,5e4e08e6-17ce-4bda-94f6-b1d35cb4aeee,LOW
25e26461-da36-4e4d-a4dd-9a0cfc33b8ef,f6644c4c-f522-4763-a16a-afac58f43899,MEDIUM
25e26461-da36-4e4d-a4dd-9a0cfc33b8ef,2ad06f7d-f1db-44f0-be8e-6f12fd4ed852,HIGH
26970e4c-f920-4125-b2de-a3a4ccfafa86,35cb9cd3-4ff0-4712-a22f-90a41cfc5473,LOW
26970e4c-f920-4125-b2de-a3a4ccfafa86,98bbdaa8-aff2-47b7-b89c-915b5e60b8bd,MEDIUM
26970e4c-f920-4125-b2de-a3a4ccfafa86,fed1beb7-091d-4e45-887f-81fd21411063,HIGH
27bde55b-d295-459f-abe6-37cfa0747db3,379a2fc6-cc56-4c50-aace-9128e374240b,LOW
27bde55b-d295-459f-abe6-37cfa0747db3,bc1b3770-4843-40da-ac88-0e74dd172378,MEDIUM
27bde55b-d295-459f-abe6-37cfa0747db3,f5918ac8-c489-419f-8c79-ea2ce5f417a4,HIGH
288bfb89-1939-491c-8ade-442b3ff21570,d120a7ea-1564-4656-ba5a-2133cc254550,LOW
288bfb89-1939-491c-8ade-442b3ff21570,ca3543ef-de1d-4574-8813-498d75963de4,MEDIUM
288bfb89-1939-491c-8ade-442b3ff21570,f54d297b-0df7-44b4-a610-4a20e0f98216,HIGH
2b28babc-cf07-42e8-bea3-21386650c1ed,5b720852-131c-4502-9b5e-13a1f19c37bd,LOW
2b28babc-cf07-42e8-bea3-21386650c1ed,3316534f-12eb-4c02-bcce-f2b796ae4938,MEDIUM
2b28babc-cf07-42e8-bea3-21386650c1ed,39326364-2cac-4afb-a407-ca2696e6c106,HIGH
2b58e4ff-8e6e-4dcf-af17-888c8ba630eb,548ff7d3-84fe-4f0c-bd41-282ce78e7530,LOW
2b58e4ff-8e6e-4dcf-af17-888c8ba630eb,8918508a-010d-438c-812b-549bdae85f8c,HIGH
2c800d20-8997-4ee5-bc68-210a178bd7d7,e8d24269-0739-47f1-819a-8379a2724b64,LOW
2c800d20-8997-4ee5-bc68-210a178bd7d7,9b47da30-38ca-4364-9dd3-faf358cec38b,MEDIUM
2c800d20-8997-4ee5-bc68-210a178bd7d7,90ea5c7f-d95d-449c-a842-bd1d6fbdec9a,HIGH
2e494012-7b4f-4a5f-97b5-88d08a1028a2,2670db0c-51c2-4970-8944-3404381af59d,LOW
2e494012-7b4f-4a5f-97b5-88d08a1028a2,165e366f-15ed-4a34-8002-397e3781ef1f,MEDIUM
2e494012-7b4f-4a5f-97b5-88d08a1028a2,c581a1e2-d032-4165-8ffd-1dc87408035c,HIGH
32a22394-7dcf-49f0-98b2-603f7be9d564,405e3d69-0a42-4c0a-b7cd-6a8a7fa86d3c,LOW
32a22394-7dcf-49f0-98b2-603f7be9d564,7d42b6fe-63bf-4be0-819d-4ca20821ecdb,MEDIUM
32a22394-7dcf-49f0-98b2-603f7be9d564,76d982c0-f77e-47cd-b71a-798e4f139270,HIGH
35c0c2ee-7b30-4d32-b4a3-b7fb1ac39c3f,04413b4b-0f9e-44b5-a521-755b53790798,LOW
35c0c2ee-7b30-4d32-b4a3-b7fb1ac39c3f,fa585ea7-3309-446a-901d-718d1cce8c7c,MEDIUM
35c0c2ee-7b30-4d32-b4a3-b7fb1ac39c3f,337fa1a8-26ae-43ad-9ce6-4f75bf1a72cb,HIGH
36097cb2-ff46-48ce-abaf-5a62ca05f4c5,b356aeff-7d79-4f53-a7c1-793392d4e243,LOW
36097cb2-ff46-48ce-abaf-5a62ca05f4c5,a38f63c8-c3e9-4f0d-83f0-22b0287b4ae3,MEDIUM
36097cb2-ff46-48ce-abaf-5a62ca05f4c5,dfcdb4ac-9ea5-4d06-b3d7-90ca64949ef1,HIGH
399000a5-5140-48de-b8cc-33de0770fbba,cee094c7-5a4d-4aa8-8ae2-44cfd4e1fe8b,LOW
399000a5-5140-48de-b8cc-33de0770fbba,18e53840-1046-432c-b818-e3e4a4e4d963,MEDIUM
399000a5-5140-48de-b8cc-33de0770fbba,3ce5b02d-0659-4f10-93d8-8dddafa26910,HIGH
3a9e1d1e-1357-4b2b-8bc2-5bb0d707485f,e0a7b60a-bdb0-48e6-ac6e-a610fa814ed7,LOW
3a9e1d1e-1357-4b2b-8bc2-5bb0d707485f,85603ea9-55f2-4220-ae97-a6cf7d846990,MEDIUM
3a9e1d1e-1357-4b2b-8bc2-5bb0d707485f,44804b6c-7fb7-4dba-ad47-70fca4364af1,HIGH
3bd1c795-466d-4095-897f-52794964d42a,273ff6e1-3d8e-4a5e-899d-f39927df90b6,LOW
3bd1c795-466d-4095-897f-52794964d42a,e0a3665b-ca17-41d5-991c-8456f44fd680,MEDIUM
3bd1c795-466d-4095-897f-52794964d42a,8fd1948e-8cf9-4ec2-b0d8-f72c02f198d2,HIGH
3c0f7e90-a303-4cd3-a143-f90fabbaf5db,afc2e4d9-9646-47d6-a68b-288010662512,LOW
3c0f7e90-a303-4cd3-a143-f90fabbaf5db,b345c9bd-41d6-4053-8396-189bb53bd687,MEDIUM
3c0f7e90-a303-4cd3-a143-f90fabbaf5db,39a5541d-8726-46e9-bb66-5e667a7ebf04,HIGH
3d79efd7-83b9-4bf0-ba4e-6468cc66390e,019725e2-e8dd-4d0a-a3aa-c2216ab68883,LOW
3d79efd7-83b9-4bf0-ba4e-6468cc66390e,7d98b429-c4b7-4d28-bca1-dda88ba7bd03,MEDIUM
3d79efd7-83b9-4bf0-ba4e-6468cc66390e,238f08c2-e8c4-4ba0-866a-d741c9439cad,HIGH
432a3e0c-8331-4beb-9e95-a1c7e13b8af8,dfd5653e-b43f-41cb-9df3-bf3f0353ed51,LOW
432a3e0c-8331-4beb-9e95-a1c7e13b8af8,e34edd2e-37ae-47d0-b445-941d2e31caa0,MEDIUM
432a3e0c-8331-4beb-9e95-a1c7e13b8af8,5a7d7d1b-0544-458d-af01-ab93d1bd1187,HIGH
444683e6-dd74-411d-a70d-2216c2703b6c,04413b4b-0f9e-44b5-a521-755b53790798,LOW
444683e6-dd74-411d-a70d-2216c2703b6c,fa585ea7-3309-446a-901d-718d1cce8c7c,MEDIUM
444683e6-dd74-411d-a70d-2216c2703b6c,337fa1a8-26ae-43ad-9ce6-4f75bf1a72cb,HIGH
4685e895-93a2-42dc-b1bd-304fd2488ef2,4f0e8bb8-20cd-439f-b55d-24adfa81a64a,LOW
4685e895-93a2-42dc-b1bd-304fd2488ef2,84e4913b-085f-4332-8765-c63e74ecb71c,MEDIUM
4685e895-93a2-42dc-b1bd-304fd2488ef2,5be4b6c1-d119-41b8-a146-7993ae577dad,HIGH
469c24d2-d49a-4516-a1de-283afca4dc19,51d3b7cf-aad7-4e47-972e-c0bb0df4b92e,LOW
469c24d2-d49a-4516-a1de-283afca4dc19,686421bd-4e29-4d10-a87f-e0a5683c68de,MEDIUM
469c24d2-d49a-4516-a1de-283afca4dc19,ce284d7b-02ba-4720-9854-a9d455038284,HIGH
48c33609-2ef1-49dd-a64d-46dba00567cb,75853594-d06e-47af-b5a6-3723127de4e2,LOW
48c33609-2ef1-49dd-a64d-46dba00567cb,67dcfc1c-486e-4e6e-8693-93896641910c,MEDIUM
48c33609-2ef1-49dd-a64d-46dba00567cb,0b781015-fc66-4e01-8869-39bf7604326b,HIGH
4cc0c88e-4846-4480-9475-2c887dba906d,bc222f2a-6447-4053-9e3a-bc4233f9719b,LOW
4cc0c88e-4846-4480-9475-2c887dba906d,7cdbadc6-e953-4c23-9b8c-14139bc9a862,MEDIUM
4cc0c88e-4846-4480-9475-2c887dba906d,6d38d611-118a-485e-8ff9-937b3b1ee0d5,HIGH
4d462e63-809a-4845-9e5d-e231e2ff632b,cab4a099-874e-42d2-b94c-f2dbbfaaf261,LOW
4d462e63-809a-4845-9e5d-e231e2ff632b,625f3305-98b9-4d40-ae2f-bef8688cc109,MEDIUM
4d462e63-809a-4845-9e5d-e231e2ff632b,2e0f84d7-7a18-40d1-b42e-af0da0569976,HIGH
4da4d5fc-51f7-4b49-b573-567d1efe3714,88a44e99-64ea-4156-af27-59e2c1a83d01,LOW
4da4d5fc-51f7-4b49-b573-567d1efe3714,93641cc3-a6aa-48da-bf0c-4e33e1bb3373,MEDIUM
4da4d5fc-51f7-4b49-b573-567d1efe3714,3912735c-6e0d-4671-b8e8-12d6d38397d2,HIGH
4ff30fd9-44f2-43b8-ba10-2ffbb1a10823,c3f79e94-ff1d-45bb-8de5-23fc2e30e64e,LOW
4ff30fd9-44f2-43b8-ba10-2ffbb1a10823,66a1561d-2a30-4c2f-886a-9a147f70171e,MEDIUM
4ff30fd9-44f2-43b8-ba10-2ffbb1a10823,a37b86d0-9101-45cf-b336-656b6c08bfb2,HIGH
5407e0fa-9669-488d-97f6-35c7b4453053,fe156327-bd95-4dc2-8f5c-2401e2a990ec,LOW
5407e0fa-9669-488d-97f6-35c7b4453053,8ccfad4b-0b8d-4d19-8d96-165c1fb6b860,MEDIUM
5407e0fa-9669-488d-97f6-35c7b4453053,2725cc31-e811-41a8-a13a-b490cabe279f,HIGH
5446513a-11cb-4c6a-84d3-7cac0488cdb6,02205133-727c-4b80-8248-30d8b6235c70,LOW
5446513a-11cb-4c6a-84d3-7cac0488cdb6,0808ff6a-4485-4f2b-96b5-8fc59a806fb0,MEDIUM
5446513a-11cb-4c6a-84d3-7cac0488cdb6,005c095e-f9b6-438d-8fb0-71483066c9d2,HIGH
553d4cf4-7ff4-4a68-9eea-21f463063251,20057e0c-0751-4638-b996-529702cbd701,LOW
553d4cf4-7ff4-4a68-9eea-21f463063251,f6729474-302b-451f-8998-fce4d75ca108,MEDIUM
553d4cf4-7ff4-4a68-9eea-21f463063251,6e38c0d7-8906-4b7b-8eff-4c64ca7139e6,HIGH
5563904c-6689-4126-be31-01eec4530ee6,85477ee7-5524-4c25-afab-3b3c7417af39,LOW
5563904c-6689-4126-be31-01eec4530ee6,dc4c3568-4c45-4680-b7a5-6395c6c7d2fd,MEDIUM
5563904c-6689-4126-be31-01eec4530ee6,a621f377-8c8e-4d45-9667-9315ad02d594,HIGH
5ffdb022-38e7-49f8-bcd9-8eae3ddbe580,5783b732-db04-47fb-909f-5935b4c82081,LOW
5ffdb022-38e7-49f8-bcd9-8eae3ddbe580,720f179f-0d35-472c-ad76-e67d9b16ec8c,MEDIUM
5ffdb022-38e7-49f8-bcd9-8eae3ddbe580,6ddba95d-0988-4f99-8371-fb08beca862b,HIGH
650ef567-beb5-473b-92e0-37250ccfaf46,2f56f43e-b3c1-4411-8ca4-6d8ea8624998,LOW
650ef567-beb5-473b-92e0-37250ccfaf46,20b61c1b-049b-4a37-8e42-0dac54c9d4ab,MEDIUM
650ef567-beb5-473b-92e0-37250ccfaf46,5bc453df-c406-4413-8b20-4b837e56f0e9,HIGH
652f0890-e1a8-446b-bbeb-0970af5d2a63,418cd119-70b8-42c9-bc54-0e55914efff0,LOW
652f0890-e1a8-446b-bbeb-0970af5d2a63,6df8dccb-5beb-45d2-9f94-cd57b07a5615,MEDIUM
652f0890-e1a8-446b-bbeb-0970af5d2a63,b69fe2d6-193d-4d26-9975-7af24b9a55d3,HIGH
67ad1fbf-336a-4a8f-b4a0-57ff28f2043c,a19e2511-1a78-4fa1-b272-1aa870ac84cc,LOW
67ad1fbf-336a-4a8f-b4a0-57ff28f2043c,4be5a059-b201-4621-a6e9-a3e5d7f555d3,MEDIUM
67ad1fbf-336a-4a8f-b4a0-57ff28f2043c,9930714e-9071-4d07-9e11-afbe85808bc8,HIGH
6807260f-99cd-4e02-9497-366d9eb31f8c,36f4dcd2-08c2-4802-86b2-907c0d438f57,LOW
6807260f-99cd-4e02-9497-366d9eb31f8c,215b7642-ba38-4cad-8d33-3ce104239b8f,MEDIUM
6807260f-99cd-4e02-9497-366d9eb31f8c,dd4912c2-b097-450d-a7c6-48146a473b04,HIGH
68538279-6e75-4633-a68b-e91a01d1b8ae,716865a3-e56e-4f96-aa2f-8b222964efcd,LOW
68538279-6e75-4633-a68b-e91a01d1b8ae,19f2551a-8dde-4e39-b46e-6f4b272f09ef,MEDIUM
68538279-6e75-4633-a68b-e91a01d1b8ae,2f72f555-5b90-4381-a417-e22cda81d48c,HIGH
68b829eb-14c9-485a-bb7b-51ad705d4f4c,b402ed64-88e4-4b61-9313-c55d81f837cc,LOW
68b829eb-14c9-485a-bb7b-51ad705d4f4c,e9a92168-7c9b-415c-a531-9ca111125d02,MEDIUM
68b829eb-14c9-485a-bb7b-51ad705d4f4c,58244c91-66a4-480a-b19a-c07b344f46f2,HIGH
6adf6b64-7e9e-4f5e-bf18-233781cf78ed,0bf2bf98-d37f-4ccf-9ac1-0d34530b3f58,LOW
6adf6b64-7e9e-4f5e-bf18-233781cf78ed,4fb256ef-9e36-4792-86c4-772351d3edb7,MEDIUM
6adf6b64-7e9e-4f5e-bf18-233781cf78ed,3b832644-17b7-4212-b75b-911650f805f2,HIGH
6b4cbe27-cc80-4713-9848-9cdeb636d43d,69bd695e-249a-44e7-8645-8435fe61e095,LOW
6b4cbe27-cc80-4713-9848-9cdeb636d43d,0463bd1a-9ad9-492e-a92a-ea059e4d1ad3,MEDIUM
6b4cbe27-cc80-4713-9848-9cdeb636d43d,7f90ef5d-2846-4186-b6f1-4a6800f2b75d,HIGH
6c06e9cb-ee64-4df8-976c-31bfd8e53fc3,716865a3-e56e-4f96-aa2f-8b222964efcd,LOW
6c06e9cb-ee64-4df8-976c-31bfd8e53fc3,19f2551a-8dde-4e39-b46e-6f4b272f09ef,MEDIUM
6c06e9cb-ee64-4df8-976c-31bfd8e53fc3,2f72f555-5b90-4381-a417-e22cda81d48c,HIGH
6cf86fa3-eb27-4a6f-9265-3491c28461a0,fe156327-bd95-4dc2-8f5c-2401e2a990ec,LOW
6cf86fa3-eb27-4a6f-9265-3491c28461a0,8ccfad4b-0b8d-4d19-8d96-165c1fb6b860,MEDIUM
6cf86fa3-eb27-4a6f-9265-3491c28461a0,2725cc31-e811-41a8-a13a-b490cabe279f,HIGH
7063d666-fa44-4bb9-9cb6-bf6a6bbe1458,35cb9cd3-4ff0-4712-a22f-90a41cfc5473,LOW
7063d666-fa44-4bb9-9cb6-bf6a6bbe1458,98bbdaa8-aff2-47b7-b89c-915b5e60b8bd,MEDIUM
7063d666-fa44-4bb9-9cb6-bf6a6bbe1458,fed1beb7-091d-4e45-887f-81fd21411063,HIGH
71395d33-169c-4f71-b658-25eafc96bd89,596041db-ef7c-4d76-9642-36c9f3396a1c,LOW
71395d33-169c-4f71-b658-25eafc96bd89,edb9725b-853c-44fc-8e58-33c0416edd83,MEDIUM
71395d33-169c-4f71-b658-25eafc96bd89,0baaccd6-56fd-4b67-b34e-d947acf19cf3,HIGH
743cd0bf-c72f-46da-9f52-97980430de07,4946f110-2551-4b93-aa0b-cf6964ed0622,LOW
743cd0bf-c72f-46da-9f52-97980430de07,63e987ff-1a30-4dc2-9112-764cdfa9b7ad,MEDIUM
743cd0bf-c72f-46da-9f52-97980430de07,5e6a8f5a-85bf-4c21-8f90-bc7e965194a8,HIGH
743eb733-8c11-4334-b47e-d566391b7eeb,e4d6f15b-1e0f-41f7-bac1-544beca94102,LOW
743eb733-8c11-4334-b47e-d566391b7eeb,8fd14ca1-d034-440e-b7e3-450177ccbeef,MEDIUM
743eb733-8c11-4334-b47e-d566391b7eeb,428d2e22-85aa-4f7a-9b94-f59906a1e348,HIGH
75783560-f57f-4d01-8e84-fab5594c20b3,e2673f91-4a8a-440b-9510-b64d036f6f19,LOW
75783560-f57f-4d01-8e84-fab5594c20b3,8a925e8e-64f5-4f52-8068-b258b05d8c04,MEDIUM
75783560-f57f-4d01-8e84-fab5594c20b3,0d7cebe6-ef28-49b7-87ab-2850868c505e,HIGH
773554be-8bf5-4e98-a7ae-6aa541bcfce9,f2b3ac14-aa3f-4662-b9e1-8ab426af23eb,LOW
773554be-8bf5-4e98-a7ae-6aa541bcfce9,d2f9b6ea-0d7f-4180-a80f-67b3dcc35657,MEDIUM
773554be-8bf5-4e98-a7ae-6aa541bcfce9,62ca8102-24e7-4dc2-bde9-bbce7c1dee6a,HIGH
782be60f-9c56-4578-9f4e-00b48075e9f3,019725e2-e8dd-4d0a-a3aa-c2216ab68883,LOW
782be60f-9c56-4578-9f4e-00b48075e9f3,7d98b429-c4b7-4d28-bca1-dda88ba7bd03,MEDIUM
782be60f-9c56-4578-9f4e-00b48075e9f3,238f08c2-e8c4-4ba0-866a-d741c9439cad,HIGH
7baeba89-1925-4a59-8631-b63a2faf79a9,5ced082e-e46c-4e9d-afb5-f2ac6086501e,LOW
7baeba89-1925-4a59-8631-b63a2faf79a9,9c4748c6-187f-48a5-91c2-843d095d0527,MEDIUM
7baeba89-1925-4a59-8631-b63a2faf79a9,98d5c1c8-330c-4508-b17b-58f60db05da5,HIGH
81f72ade-0000-4048-810d-b521ce627ffc,a19e2511-1a78-4fa1-b272-1aa870ac84cc,LOW
81f72ade-0000-4048-810d-b521ce627ffc,4be5a059-b201-4621-a6e9-a3e5d7f555d3,MEDIUM
81f72ade-0000-4048-810d-b521ce627ffc,9930714e-9071-4d07-9e11-afbe85808bc8,HIGH
84828d37-0c5f-40b3-8a01-195239e22c0e,c1e998c1-2b26-4a00-bcb8-8ed3f57e08eb,LOW
84828d37-0c5f-40b3-8a01-195239e22c0e,ab9e6eb1-827f-477e-9831-2c120ca46ab9,MEDIUM
84828d37-0c5f-40b3-8a01-195239e22c0e,762be44c-84a6-42c8-af28-07ad021f5cc3,HIGH
85322c9e-acee-41d4-a2b1-8ab34c465bee,13246300-0a4e-48d3-8303-25da1bb79817,LOW
85322c9e-acee-41d4-a2b1-8ab34c465bee,f6f05891-72d5-4b29-bc30-601dfbc6355d,MEDIUM
85322c9e-acee-41d4-a2b1-8ab34c465bee,cf9724a2-4d4e-4ca9-8d02-fba7a7d36707,HIGH
8718a814-27c4-48b2-b667-2ebc23d72cfc,d0de0e1c-d729-4f1e-ba15-c62e532cfd84,LOW
8718a814-27c4-48b2-b667-2ebc23d72cfc,3af92d29-8868-433c-8d1a-a2f2b14d5d8a,MEDIUM
8718a814-27c4-48b2-b667-2ebc23d72cfc,6394ef5a-dde7-40cd-bb62-22afe845641e,HIGH
8823ca34-7390-47ea-8e6c-7733e0b968cf,0ca5808c-d05b-41cb-a0f0-775d96769f09,LOW
8823ca34-7390-47ea-8e6c-7733e0b968cf,a7d2ea57-f479-4ebf-b325-a3513a1e96a5,MEDIUM
8823ca34-7390-47ea-8e6c-7733e0b968cf,fb620c94-6e05-49f1-9c35-f2bb7afa3d8b,HIGH
883554a7-e2d3-4459-982a-9d03350d7fbe,01a76f45-9506-4569-8573-834cab1cf04c,LOW
883554a7-e2d3-4459-982a-9d03350d7fbe,2113e378-39a3-4171-be65-119dfa9c88e0,MEDIUM
883554a7-e2d3-4459-982a-9d03350d7fbe,be8e390c-1fbc-43a0-aae9-c5c07c28717b,HIGH
8a7e1309-e7c2-40de-a7ce-be01ed067817,964d96ee-7a8c-4e49-9d8e-b2d824db6204,LOW
8a7e1309-e7c2-40de-a7ce-be01ed067817,bc65c8b0-3b00-43fc-8814-ace78057e384,MEDIUM
8a7e1309-e7c2-40de-a7ce-be01ed067817,4794ddf0-5a05-467c-81ce-1ff890e367bc,HIGH
8b209b46-2c18-4a31-bfc8-528e1732f6c1,8a20ee38-3075-4185-82b5-9222d5740047,LOW
8b209b46-2c18-4a31-bfc8-528e1732f6c1,93a55d5e-3bfe-4689-89ca-8636263d2f02,MEDIUM
8b209b46-2c18-4a31-bfc8-528e1732f6c1,b7b91fa0-8c23-418e-a642-47b7fccaa6a4,HIGH
8ccf1695-d326-4b8c-b265-728b8920e16b,b3db0660-814b-49bb-98bd-08cfbd34a852,LOW
8ccf1695-d326-4b8c-b265-728b8920e16b,50b3e9af-0b62-4aa1-8b3b-e05fa738be19,MEDIUM
8ccf1695-d326-4b8c-b265-728b8920e16b,82ec71fc-b841-4bfc-8f49-a14a44ca7c1d,HIGH
8d7cc069-68b6-4b3b-a156-cf340ea4ade1,8685b262-1c68-4690-8e45-27fa5878170f,LOW
8d7cc069-68b6-4b3b-a156-cf340ea4ade1,2ef204e3-efa9-4cd2-ae8c-2f0e2e4fef85,MEDIUM
8d7cc069-68b6-4b3b-a156-cf340ea4ade1,daef5eeb-97a9-4f77-bd6d-2249c83c007a,HIGH
91bf4397-4a88-42e5-8e9c-70c410754a00,69bd695e-249a-44e7-8645-8435fe61e095,LOW
91bf4397-4a88-42e5-8e9c-70c410754a00,0463bd1a-9ad9-492e-a92a-ea059e4d1ad3,MEDIUM
91bf4397-4a88-42e5-8e9c-70c410754a00,7f90ef5d-2846-4186-b6f1-4a6800f2b75d,HIGH
9241d64b-be79-4209-9bd3-71a28a1fd1b5,05189bbf-0ae7-41ed-86f9-5d4032dea223,LOW
9241d64b-be79-4209-9bd3-71a28a1fd1b5,8fff79eb-f769-48a3-8230-d3b6f083adac,MEDIUM
9241d64b-be79-4209-9bd3-71a28a1fd1b5,9ea17f60-6038-4c50-ad16-83056e144e2e,HIGH
96bb6aac-49c5-46e9-9679-d478a5d2b020,5783b732-db04-47fb-909f-5935b4c82081,LOW
96bb6aac-49c5-46e9-9679-d478a5d2b020,720f179f-0d35-472c-ad76-e67d9b16ec8c,MEDIUM
96bb6aac-49c5-46e9-9679-d478a5d2b020,6ddba95d-0988-4f99-8371-fb08beca862b,HIGH
97a12bd9-d5a2-43c3-8576-aa0a3c06e45f,f134fafa-31c3-4ef1-bc8e-1be1192d6c0f,LOW
97a12bd9-d5a2-43c3-8576-aa0a3c06e45f,48312f68-9c1d-42d4-8c31-13943e44e16f,MEDIUM
97a12bd9-d5a2-43c3-8576-aa0a3c06e45f,595a8ca0-f1b1-4370-b400-ca69cbfc7518,HIGH
9d22f7a3-b075-4eb4-be69-71770ad85cf0,0bf2bf98-d37f-4ccf-9ac1-0d34530b3f58,LOW
9d22f7a3-b075-4eb4-be69-71770ad85cf0,4fb256ef-9e36-4792-86c4-772351d3edb7,MEDIUM
9d22f7a3-b075-4eb4-be69-71770ad85cf0,3b832644-17b7-4212-b75b-911650f805f2,HIGH
9eb76148-e898-4166-936a-268cf9562d2a,801db8e6-54f4-44f4-9378-313764f6a678,LOW
9eb76148-e898-4166-936a-268cf9562d2a,62443bf1-feff-4927-adde-4bfb6324882e,MEDIUM
9eb76148-e898-4166-936a-268cf9562d2a,7b36078f-0fc6-4519-b6e5-c6f31bcebb13,HIGH
a07e7a01-916c-43ba-8758-2c16dcfa9aab,bf361859-5b91-4f9f-90d4-33c2e0cf4b7e,LOW
a07e7a01-916c-43ba-8758-2c16dcfa9aab,56c34850-bc39-4f47-bc9b-63894891d973,MEDIUM
a07e7a01-916c-43ba-8758-2c16dcfa9aab,cbff9b79-4684-493d-9cfc-03f3e1e9d7cf,HIGH
a252d069-260a-4e61-a045-ca0d73ec7725,a93c2331-1d64-4de9-8e1b-941da9b7e4d1,LOW
a252d069-260a-4e61-a045-ca0d73ec7725,d87083c0-7dc9-4ce6-b9fe-68dd252b21f5,MEDIUM
a252d069-260a-4e61-a045-ca0d73ec7725,413f9f29-2a47-4f5c-9f4c-cebd2306299d,HIGH
a2d1d7c2-abf2-4503-a558-8270cf4a3549,056cb6c4-c74e-49e4-ad72-746d2db6b537,LOW
a2d1d7c2-abf2-4503-a558-8270cf4a3549,4748954f-5db5-40b5-9bcc-7854e3bf7b72,MEDIUM
a2d1d7c2-abf2-4503-a558-8270cf4a3549,d7eb0672-b6e0-4010-8544-58b2e4342887,HIGH
a4632b98-8159-4bfe-80cd-453cbe1871c7,29c1fe73-fa00-4191-b213-62eb1b340b02,LOW
a4632b98-8159-4bfe-80cd-453cbe1871c7,2822fe29-3f38-4d34-bc89-6cea392e1c78,MEDIUM
a4632b98-8159-4bfe-80cd-453cbe1871c7,a80e6018-14ec-4ddf-bad9-02b5226753d3,HIGH
a61cb432-8172-4f41-ad23-229c605ca877,85477ee7-5524-4c25-afab-3b3c7417af39,LOW
a61cb432-8172-4f41-ad23-229c605ca877,dc4c3568-4c45-4680-b7a5-6395c6c7d2fd,MEDIUM
a61cb432-8172-4f41-ad23-229c605ca877,a621f377-8c8e-4d45-9667-9315ad02d594,HIGH
a6fba503-d4f4-4aef-99af-574d7aa22adf,5ec8947f-4dbc-4dc7-8763-c9ec0df7782d,LOW
a6fba503-d4f4-4aef-99af-574d7aa22adf,87ec64b4-2846-4ea9-a2a0-2e22f0e47874,MEDIUM
a6fba503-d4f4-4aef-99af-574d7aa22adf,6ba20c60-6b9e-4619-b88b-fd8f1e932b26,HIGH
a7703156-ee15-483d-b46b-a9a7a38cef19,94ed3caa-b859-4282-a5d4-8e7ae1545c0d,LOW
a7703156-ee15-483d-b46b-a9a7a38cef19,076bdf6a-c3f1-4da9-9485-021b10662162,MEDIUM
a7703156-ee15-483d-b46b-a9a7a38cef19,3ff305d8-51be-4b47-866a-b2eb90c178bc,HIGH
a911abef-e3ec-463d-a566-e6492aa0ed27,0062434c-eebc-476c-a4f4-a774b29ea846,LOW
a911abef-e3ec-463d-a566-e6492aa0ed27,b40760e7-76fe-4394-b6c7-d7d326a585c2,MEDIUM
a911abef-e3ec-463d-a566-e6492aa0ed27,087acdb9-7159-49e1-a05a-819e5d0056ba,HIGH
ab84b282-e298-4d20-ac0a-af359f7e9e82,375e3976-1427-43e6-a74b-baacb67960af,LOW
ab84b282-e298-4d20-ac0a-af359f7e9e82,e6a30d91-b15c-4bc3-8a83-d3af2ae741a8,MEDIUM
ab84b282-e298-4d20-ac0a-af359f7e9e82,81484e89-b45a-4d22-8cea-95b75881c3c1,HIGH
abe54e60-14fa-4a75-ae99-d9148f71756d,9c3a6cda-9ece-4300-afc8-33d628d983e6,LOW
abe54e60-14fa-4a75-ae99-d9148f71756d,60b7e7ae-6876-452c-bc15-8d26083e6c87,MEDIUM
abe54e60-14fa-4a75-ae99-d9148f71756d,f63384c1-5aa2-4498-9e7c-062145160506,HIGH
ae4b6c27-05ce-482c-8a2d-6b93371d14cc,71871530-a3fd-439e-83ef-29d226f0f515,LOW
ae4b6c27-05ce-482c-8a2d-6b93371d14cc,0425e119-416c-45bb-bbc1-e3ed1e11b401,MEDIUM
ae4b6c27-05ce-482c-8a2d-6b93371d14cc,f5339f15-07f0-4b78-b6b6-150dcc703ea4,HIGH
af4caf09-2853-4819-ba92-c561af8a32f8,df8e24ea-400c-4b86-b17f-8e6fae182b74,LOW
af4caf09-2853-4819-ba92-c561af8a32f8,18901880-2e10-4e2e-8a96-33d849440d7c,HIGH
b1747aa7-dd58-44b3-8a5f-2e828afde406,05ccef9b-e3b3-4ec6-8849-1c6b8fbeec3c,LOW
b1747aa7-dd58-44b3-8a5f-2e828afde406,35bf720c-8463-4595-aab4-2a35deda9f94,MEDIUM
b1747aa7-dd58-44b3-8a5f-2e828afde406,b995b4b9-713f-4176-af6f-bcd24ee24143,HIGH
b19f0a79-e31e-4f12-92cf-080a3f352768,33979028-b53e-45d4-985b-f193ed6bd754,LOW
b19f0a79-e31e-4f12-92cf-080a3f352768,7d98f7ff-fbed-41ab-9355-24566e5d06d6,MEDIUM
b19f0a79-e31e-4f12-92cf-080a3f352768,62a2e733-9c33-4680-8499-fd93a777311d,HIGH
b3c4f948-5e6a-4bd2-9d7b-eaa5a27dcac2,8aff4200-d3b3-4a70-8336-674b1a6113e0,LOW
b3c4f948-5e6a-4bd2-9d7b-eaa5a27dcac2,5877ce72-f11a-488b-955c-37f3fb7e757f,MEDIUM
b3c4f948-5e6a-4bd2-9d7b-eaa5a27dcac2,4b6fa96d-6c53-445e-a8a8-965fbfb012d9,HIGH
bb04fa78-432a-4d9c-8c9f-aa130c1f9b7c,5bdb342a-c324-4047-80df-9069803992e0,LOW
bb04fa78-432a-4d9c-8c9f-aa130c1f9b7c,84adb6eb-123d-4cb7-89f3-33a3ef042bff,MEDIUM
bb04fa78-432a-4d9c-8c9f-aa130c1f9b7c,c67f3443-7624-4662-837a-9ac77c87149d,HIGH
be041385-9fea-40e0-bf39-aa8cd0d85f93,81340268-af57-41e0-898c-bcfc02f6856e,LOW
be041385-9fea-40e0-bf39-aa8cd0d85f93,7ef17760-d893-43fb-ab24-0077fef83bcd,MEDIUM
be041385-9fea-40e0-bf39-aa8cd0d85f93,f91a8258-dbc8-46a4-9de8-5fe746857511,HIGH
bf0efdb2-beac-4203-9e3e-b5455da7fd38,5b720852-131c-4502-9b5e-13a1f19c37bd,LOW
bf0efdb2-beac-4203-9e3e-b5455da7fd38,3316534f-12eb-4c02-bcce-f2b796ae4938,MEDIUM
bf0efdb2-beac-4203-9e3e-b5455da7fd38,39326364-2cac-4afb-a407-ca2696e6c106,HIGH
c14995fa-997a-4d4e-a61e-88b6310a6f4e,36f4dcd2-08c2-4802-86b2-907c0d438f57,LOW
c14995fa-997a-4d4e-a61e-88b6310a6f4e,215b7642-ba38-4cad-8d33-3ce104239b8f,MEDIUM
c14995fa-997a-4d4e-a61e-88b6310a6f4e,dd4912c2-b097-450d-a7c6-48146a473b04,HIGH
c15737bd-ec5c-43b3-9d57-cceccc9b602c,e0a7b60a-bdb0-48e6-ac6e-a610fa814ed7,LOW
c15737bd-ec5c-43b3-9d57-cceccc9b602c,85603ea9-55f2-4220-ae97-a6cf7d846990,MEDIUM
c15737bd-ec5c-43b3-9d57-cceccc9b602c,44804b6c-7fb7-4dba-ad47-70fca4364af1,HIGH
c3aed4e1-768d-4d2e-81f2-b9aed01cf56b,7736113f-4d83-4ea7-8f99-e4c90e9191e9,MEDIUM
c3b10460-fd20-4de1-b405-263645bdef0f,1e36b1ba-eb28-44e5-96d6-75b7d017f402,LOW
c3b10460-fd20-4de1-b405-263645bdef0f,165f1772-3805-4856-a9b0-4698974c1b7d,MEDIUM
c3b10460-fd20-4de1-b405-263645bdef0f,cc81e293-d2fa-4585-8a36-545a197c166d,HIGH
c5abde21-f81a-47b8-9637-1dc092a8c87c,83036e23-4b08-4cd2-9b0f-addc4fe12744,LOW
c5abde21-f81a-47b8-9637-1dc092a8c87c,9cb86386-580f-4d67-ad18-371a53f8539d,MEDIUM
c5abde21-f81a-47b8-9637-1dc092a8c87c,8d7cd5d4-61b0-48db-8f0d-1700aaecbc20,HIGH
c6c815ef-deb3-4c28-9db6-99b121646f35,5bdb342a-c324-4047-80df-9069803992e0,LOW
c6c815ef-deb3-4c28-9db6-99b121646f35,84adb6eb-123d-4cb7-89f3-33a3ef042bff,MEDIUM
c6c815ef-deb3-4c28-9db6-99b121646f35,c67f3443-7624-4662-837a-9ac77c87149d,HIGH
c71ca11f-444c-4e97-a23c-9cfa245cc3f4,f2b3ac14-aa3f-4662-b9e1-8ab426af23eb,LOW
c71ca11f-444c-4e97-a23c-9cfa245cc3f4,d2f9b6ea-0d7f-4180-a80f-67b3dcc35657,MEDIUM
c71ca11f-444c-4e97-a23c-9cfa245cc3f4,62ca8102-24e7-4dc2-bde9-bbce7c1dee6a,HIGH
c81b39f8-e596-4ad6-a4b7-30dd4f13d268,eb6e5800-a33f-4f9d-8063-4750eb4536c6,HIGH
cbb5bd2c-4af0-4139-96c6-0cf89cd5be2b,409b4125-cb2b-44e1-929c-12aee1968da1,LOW
cbb5bd2c-4af0-4139-96c6-0cf89cd5be2b,6295a668-933f-4ae6-b0e2-ff669b15e078,MEDIUM
cbb5bd2c-4af0-4139-96c6-0cf89cd5be2b,5e811f2e-aef0-4d29-befe-c00c95829c77,HIGH
ce1bf0a2-8eb6-4987-8149-9757145d6bed,5ced082e-e46c-4e9d-afb5-f2ac6086501e,LOW
ce1bf0a2-8eb6-4987-8149-9757145d6bed,9c4748c6-187f-48a5-91c2-843d095d0527,MEDIUM
ce1bf0a2-8eb6-4987-8149-9757145d6bed,98d5c1c8-330c-4508-b17b-58f60db05da5,HIGH
cfdafcb7-f84b-4b40-8602-2ef468cb6d08,3c19ebe5-aa1f-46e9-ad60-a126cd110dae,LOW
cfdafcb7-f84b-4b40-8602-2ef468cb6d08,79a95093-af08-40cc-9b4e-a3784a709556,MEDIUM
cfdafcb7-f84b-4b40-8602-2ef468cb6d08,7ae74f51-0de3-414e-8e57-ee2602f53f50,HIGH
d060aebf-0cec-47ac-aa6e-8e04c2f9fe24,1f048877-0047-475c-9df6-3aaa9273cd74,LOW
d060aebf-0cec-47ac-aa6e-8e04c2f9fe24,4bdb945c-59ad-4ed8-821b-22ee489fa4c0,MEDIUM
d060aebf-0cec-47ac-aa6e-8e04c2f9fe24,1d34abbe-6bd7-4669-a378-5643a2b811de,HIGH
d42004f3-7238-4c17-b95d-c9a0f6795f58,720cf755-29fc-470e-9b56-722785ed77bc,LOW
d42004f3-7238-4c17-b95d-c9a0f6795f58,fe2604b0-a17e-4a7b-9dc4-244e88b3a416,MEDIUM
d42004f3-7238-4c17-b95d-c9a0f6795f58,8be15faa-f99c-4b53-bfce-7221ac700558,HIGH
d4358d41-cc5f-49ae-9505-265322a5fb4e,b3db0660-814b-49bb-98bd-08cfbd34a852,LOW
d4358d41-cc5f-49ae-9505-265322a5fb4e,50b3e9af-0b62-4aa1-8b3b-e05fa738be19,MEDIUM
d4358d41-cc5f-49ae-9505-265322a5fb4e,82ec71fc-b841-4bfc-8f49-a14a44ca7c1d,HIGH
d5796862-7dad-4153-891f-cf5df44d8676,962183f0-4a57-40f9-8b45-12a3dd9d4edd,LOW
d5796862-7dad-4153-891f-cf5df44d8676,edfd7078-a332-40bc-8bde-eaaa2fa633f1,MEDIUM
d5796862-7dad-4153-891f-cf5df44d8676,42364dae-6a8e-403e-8efd-96b15ee21e8f,HIGH
d6008b93-4a46-4f64-9781-a63f2d649194,0250f41e-3003-48ba-8c94-7fb5f80086b8,LOW
d7b2fc1c-0d93-471b-8e75-a9ef89f59e90,d8a99d38-1148-4da9-909f-c395e1598b8b,LOW
d7b2fc1c-0d93-471b-8e75-a9ef89f59e90,14e6c4b4-5413-4786-b194-e403b5f916d3,MEDIUM
d7b2fc1c-0d93-471b-8e75-a9ef89f59e90,c9555070-9c79-4509-9102-2b5a947e2ebf,HIGH
d9c85146-06f5-4f40-b693-ca70d7e5e55b,c3f79e94-ff1d-45bb-8de5-23fc2e30e64e,LOW
d9c85146-06f5-4f40-b693-ca70d7e5e55b,66a1561d-2a30-4c2f-886a-9a147f70171e,MEDIUM
d9c85146-06f5-4f40-b693-ca70d7e5e55b,a37b86d0-9101-45cf-b336-656b6c08bfb2,HIGH
d9f1bf1f-bb34-48ff-8f2e-8adab1626d00,a93c2331-1d64-4de9-8e1b-941da9b7e4d1,LOW
d9f1bf1f-bb34-48ff-8f2e-8adab1626d00,d87083c0-7dc9-4ce6-b9fe-68dd252b21f5,MEDIUM
d9f1bf1f-bb34-48ff-8f2e-8adab1626d00,413f9f29-2a47-4f5c-9f4c-cebd2306299d,HIGH
da2cc901-f7ab-4887-af4f-6c20e10f3c09,1f7c96f0-fb0a-4a4e-a891-8f614ac213fe,LOW
da2cc901-f7ab-4887-af4f-6c20e10f3c09,e02c6db8-9d76-40b5-b62e-a1673951e3d0,MEDIUM
da2cc901-f7ab-4887-af4f-6c20e10f3c09,177318fe-1d3a-4c4c-bff5-14c037112c1a,HIGH
dc7dddaf-5d7b-498d-9b9d-98ecfe9f0118,4305ff8f-b460-4c71-960c-ddf403963a6e,LOW
dc7dddaf-5d7b-498d-9b9d-98ecfe9f0118,081519c7-60ad-4897-9355-798a4dfe30ef,MEDIUM
dc7dddaf-5d7b-498d-9b9d-98ecfe9f0118,1cdd153a-02bb-4aba-a5cd-84c3c56b7e03,HIGH
dda229cd-42ba-449b-b0dd-7b4f30defc3c,f4901424-a0aa-43f3-9295-9e42f4c695b2,LOW
dda229cd-42ba-449b-b0dd-7b4f30defc3c,1195f309-1939-4d9b-ac00-2df2af681c3d,MEDIUM
dda229cd-42ba-449b-b0dd-7b4f30defc3c,4eb6cc75-65d8-4d1c-a7aa-bd2204a68d63,HIGH
ddc3e629-b11d-4b99-8369-e241a4b5aeb6,4946f110-2551-4b93-aa0b-cf6964ed0622,LOW
ddc3e629-b11d-4b99-8369-e241a4b5aeb6,63e987ff-1a30-4dc2-9112-764cdfa9b7ad,MEDIUM
ddc3e629-b11d-4b99-8369-e241a4b5aeb6,5e6a8f5a-85bf-4c21-8f90-bc7e965194a8,HIGH
de39f58f-0e7f-473e-900d-5b9c112c83b5,723bf90e-ed57-4976-913e-7e32d85138dd,LOW
de39f58f-0e7f-473e-900d-5b9c112c83b5,4d5fa86e-0f5e-4b1c-9b39-12ca43d26875,MEDIUM
de39f58f-0e7f-473e-900d-5b9c112c83b5,5b50eb94-3bb0-41b7-a383-3ff6a3c5719d,HIGH
e094fd97-8213-4e2b-a529-af9cb056c354,723bf90e-ed57-4976-913e-7e32d85138dd,LOW
e094fd97-8213-4e2b-a529-af9cb056c354,4d5fa86e-0f5e-4b1c-9b39-12ca43d26875,MEDIUM
e094fd97-8213-4e2b-a529-af9cb056c354,5b50eb94-3bb0-41b7-a383-3ff6a3c5719d,HIGH
e1e6aa76-7b65-4ce9-afd7-f90e64967975,0faa93a2-666d-4b66-a9ca-acece8f5e9ee,LOW
e1e6aa76-7b65-4ce9-afd7-f90e64967975,94d2a8a5-8be9-47c0-ae4c-3e0094dc5f4d,MEDIUM
e1e6aa76-7b65-4ce9-afd7-f90e64967975,001852b5-e125-47df-968d-5f2a2a31af85,HIGH
e43ed1c8-a58c-4dc3-b201-994ea6df640e,aa195d21-1db1-4208-8c26-a6b8ca177bf7,LOW
e43ed1c8-a58c-4dc3-b201-994ea6df640e,ced9530a-bdde-4ab9-9ef1-43e9f755941e,MEDIUM
e5438148-d9fa-45a6-b5ed-04394907a343,5921ca22-3205-4c62-86ed-b6af0e79b0b7,LOW
e5438148-d9fa-45a6-b5ed-04394907a343,8a9112f2-9f1b-4aed-9395-1bace8b8ece3,MEDIUM
e558bd52-50e5-4b8c-8947-2339ff1ec92b,409b4125-cb2b-44e1-929c-12aee1968da1,LOW
e558bd52-50e5-4b8c-8947-2339ff1ec92b,6295a668-933f-4ae6-b0e2-ff669b15e078,MEDIUM
e558bd52-50e5-4b8c-8947-2339ff1ec92b,5e811f2e-aef0-4d29-befe-c00c95829c77,HIGH
e64e30a5-ca8b-447b-aa85-da0093666d39,70e0de43-876c-46f6-b509-7e1c3fe02f92,LOW
e64e30a5-ca8b-447b-aa85-da0093666d39,68385452-399b-4869-b00d-b5fb1bd7a76b,MEDIUM
e64e30a5-ca8b-447b-aa85-da0093666d39,fad2afc6-078f-46cd-baa3-db9e19193303,HIGH
e6a6fec4-3022-4f93-8b46-a332c60139e0,8a20ee38-3075-4185-82b5-9222d5740047,LOW
e6a6fec4-3022-4f93-8b46-a332c60139e0,93a55d5e-3bfe-4689-89ca-8636263d2f02,MEDIUM
e6a6fec4-3022-4f93-8b46-a332c60139e0,b7b91fa0-8c23-418e-a642-47b7fccaa6a4,HIGH
e6bc0999-e610-485b-add4-b7c41a8510d5,6cf04f9a-27e9-4a92-b5e0-3a54c778f562,LOW
e6bc0999-e610-485b-add4-b7c41a8510d5,b6f9df59-03a9-4df5-8d30-c1b7e5faa3ea,MEDIUM
e6bc0999-e610-485b-add4-b7c41a8510d5,cae15795-f67e-4fb8-9fe7-75f85e4d2b7f,HIGH
e801d34c-4ed2-49aa-ae6a-4be31db8379c,5a072a41-736a-460a-9250-60acf538be5c,LOW
e801d34c-4ed2-49aa-ae6a-4be31db8379c,b904fe4d-6d33-498b-a73a-1ffccf3df2df,MEDIUM
e801d34c-4ed2-49aa-ae6a-4be31db8379c,006c9f77-0367-4446-9175-8770f0283c66,HIGH
ea2f5880-12b1-42ec-9032-dcdc1b07a4eb,d0b20989-6cfd-440f-8dde-c4f401f8da24,LOW
ea2f5880-12b1-42ec-9032-dcdc1b07a4eb,2d3365b0-7103-42da-8a18-41072c6d2b0f,MEDIUM
ea2f5880-12b1-42ec-9032-dcdc1b07a4eb,87a15fd5-bed3-4d97-bdf6-d08d5e1121c5,HIGH
ebae59e2-ff2b-4b9a-b292-3bae1d32adc7,d20c6b82-c8d7-4f33-aed2-977e2793127b,LOW
ebae59e2-ff2b-4b9a-b292-3bae1d32adc7,3e1cda33-e90c-4f81-a0f4-4509a2f42276,MEDIUM
ebae59e2-ff2b-4b9a-b292-3bae1d32adc7,6aac8803-83e2-4d86-ba51-245ae9cde6bb,HIGH
ed910a31-7c7a-4488-9012-416b2e5faee1,04717b39-65a0-4a3d-95fc-3b3b709f9386,LOW
ed910a31-7c7a-4488-9012-416b2e5faee1,7d25fe0a-4829-44a0-9827-0bedfd15e3a8,MEDIUM
ed910a31-7c7a-4488-9012-416b2e5faee1,4944fa0b-a27a-4c16-850d-35c0c29ed9a6,HIGH
edbe06f6-e69f-488d-b1b5-4109f551104f,405e3d69-0a42-4c0a-b7cd-6a8a7fa86d3c,LOW
edbe06f6-e69f-488d-b1b5-4109f551104f,7d42b6fe-63bf-4be0-819d-4ca20821ecdb,MEDIUM
edbe06f6-e69f-488d-b1b5-4109f551104f,76d982c0-f77e-47cd-b71a-798e4f139270,HIGH
eec8e9b4-95e8-4232-9047-eb39aa588f55,2670db0c-51c2-4970-8944-3404381af59d,LOW
eec8e9b4-95e8-4232-9047-eb39aa588f55,165e366f-15ed-4a34-8002-397e3781ef1f,MEDIUM
eec8e9b4-95e8-4232-9047-eb39aa588f55,c581a1e2-d032-4165-8ffd-1dc87408035c,HIGH
ef1e8369-97c2-4a3e-b9ae-fb52f6938112,5e4e08e6-17ce-4bda-94f6-b1d35cb4aeee,LOW
ef1e8369-97c2-4a3e-b9ae-fb52f6938112,f6644c4c-f522-4763-a16a-afac58f43899,MEDIUM
ef1e8369-97c2-4a3e-b9ae-fb52f6938112,2ad06f7d-f1db-44f0-be8e-6f12fd4ed852,HIGH
f2840a9f-20dc-4d79-a0ca-36923951efaa,7eeb3f70-036a-4386-93af-810b55f4e18b,LOW
f2840a9f-20dc-4d79-a0ca-36923951efaa,c7752a81-9a8c-48e2-89d2-743294b8f874,MEDIUM
f2840a9f-20dc-4d79-a0ca-36923951efaa,9d339050-2615-4116-bd4d-56a24e0e5d4f,HIGH
f55edd03-d223-473c-9c8e-cf77308e78ec,a0e91061-8f84-433b-9476-38fddc7d7c96,LOW
f55edd03-d223-473c-9c8e-cf77308e78ec,5a2790a0-d765-4bf3-b3dc-ec499d556671,MEDIUM
f55edd03-d223-473c-9c8e-cf77308e78ec,bd3a7ef0-c226-4edc-b988-a7d2f7b0515c,HIGH
f5bdaf4c-ee94-48be-b1bd-e66390d0a262,ea10237b-5d98-41dd-aa2e-f2fe57c64643,LOW
f5bdaf4c-ee94-48be-b1bd-e66390d0a262,dfa1b622-a0ae-4ef2-90de-ad8a8e62a5e1,MEDIUM
f5bdaf4c-ee94-48be-b1bd-e66390d0a262,e64341f1-232d-48d7-b259-c357cd1d48d1,HIGH
f7f2a0a5-97a0-4ea9-ac4c-ce12a01307b6,04717b39-65a0-4a3d-95fc-3b3b709f9386,LOW
f7f2a0a5-97a0-4ea9-ac4c-ce12a01307b6,7d25fe0a-4829-44a0-9827-0bedfd15e3a8,MEDIUM
f7f2a0a5-97a0-4ea9-ac4c-ce12a01307b6,4944fa0b-a27a-4c16-850d-35c0c29ed9a6,HIGH
f94ec0cb-7085-4682-8a8e-1a8cfca33538,964d96ee-7a8c-4e49-9d8e-b2d824db6204,LOW
f94ec0cb-7085-4682-8a8e-1a8cfca33538,bc65c8b0-3b00-43fc-8814-ace78057e384,MEDIUM
f94ec0cb-7085-4682-8a8e-1a8cfca33538,4794ddf0-5a05-467c-81ce-1ff890e367bc,HIGH
f9a5f1c1-c1b3-4e88-ac10-cc225ef23fde,8d72ce45-fccd-4ce3-9199-b0a3b31e4615,LOW
f9a5f1c1-c1b3-4e88-ac10-cc225ef23fde,3828b053-95b4-4c37-ba2b-c53236c9a38b,MEDIUM
f9a5f1c1-c1b3-4e88-ac10-cc225ef23fde,0354130e-8a16-4417-be5b-de15c673a1e4,HIGH
f9bd1df9-5c07-4b65-b367-3576510128b1,3edebcc4-6b02-490c-b614-0787d50b8ecd,LOW
f9bd1df9-5c07-4b65-b367-3576510128b1,d3a24c01-03b5-4565-add1-8a2845f502a1,MEDIUM
f9bd1df9-5c07-4b65-b367-3576510128b1,5d689a3f-b6ae-47f4-b918-93dfccd99e19,HIGH
fb1e1e0f-637f-466b-9fd2-081e002465b8,609b0937-4e94-4782-9d91-bc5ed0662c0c,LOW
fb1e1e0f-637f-466b-9fd2-081e002465b8,c57d10e7-eb7b-4763-9ec4-5e97b13fdf11,MEDIUM
fb1e1e0f-637f-466b-9fd2-081e002465b8,c465faf4-8506-4cff-84ce-242eb2c7c375,HIGH
fb351b54-b10b-47eb-b4f2-aaca99f4717c,f24eb19b-9c0d-41d5-81ce-37f544f029cc,LOW
fb351b54-b10b-47eb-b4f2-aaca99f4717c,8ab9fcb6-06f2-44e5-ac40-bda985eacab5,MEDIUM
fb351b54-b10b-47eb-b4f2-aaca99f4717c,760d1e69-3f24-475b-979f-01c85af1ee1e,HIGH
fd9d6be8-7248-43ba-9273-f25b4d501072,93f85c86-dcb8-461c-86b7-e9fd797f049f,LOW
fd9d6be8-7248-43ba-9273-f25b4d501072,6d80fa62-b171-41f3-9cc7-5bcfcb0c7b78,MEDIUM
fd9d6be8-7248-43ba-9273-f25b4d501072,cddd9a2e-1668-4a9e-a92b-14ed1bc4b745,HIGH
feb22fc0-f570-437e-b4cb-6571c7e8cbeb,05ccef9b-e3b3-4ec6-8849-1c6b8fbeec3c,LOW
feb22fc0-f570-437e-b4cb-6571c7e8cbeb,35bf720c-8463-4595-aab4-2a35deda9f94,MEDIUM
feb22fc0-f570-437e-b4cb-6571c7e8cbeb,b995b4b9-713f-4176-af6f-bcd24ee24143,HIGH
ff05c2d4-d5e8-4ca0-80d8-6f009def5d3b,3c19ebe5-aa1f-46e9-ad60-a126cd110dae,LOW
ff05c2d4-d5e8-4ca0-80d8-6f009def5d3b,79a95093-af08-40cc-9b4e-a3784a709556,MEDIUM
ff05c2d4-d5e8-4ca0-80d8-6f009def5d3b,7ae74f51-0de3-414e-8e57-ee2602f53f50,HIGH
